============================
Started at: Tuesday 09 June 2026 11:00:01 AM IST
Running: sh /home/mayankpatel104/OneDrive/config-file/mysql-daily-backup.sh
Backing up Demonstration...
Backing up em1P6pnnK2...
Backing up em1xu8Cpnc...
Backing up em2xgjUQfo...
Backing up em37ytN9AH...
Backing up em3CkBeVRl...
Backing up em3R2bvDIC...
Backing up em3VSSR7Yz...
Backing up em6qeR43bZ...
Backing up em7GXajUbd...
Backing up em7P4PKGJF...
Backing up em7dfg6a3p...
Backing up em8pRAlK0y...
Backing up emA0FNN3aq...
Backing up emAsWlggJB...
Backing up emCoPAk3qn...
Backing up emCpKr5AFc...
Backing up emDhiI7xxE...
Backing up emE0JkFO5q...
Backing up emEd5JknWJ...
Backing up emF0JJ2lqH...
Backing up emF3Gzodq8...
Backing up emFCb1petd...
Backing up emFJfwL1Zh...
Backing up emFrpcZyMf...
Backing up emGwDoBnbS...
Backing up emHMvJOCjW...
Backing up emICMyY5oX...
Backing up emIT2jlJ9j...
Backing up emIx0rjbZy...
Backing up emJcuMFp4P...
Backing up emKEtcvTZr...
Backing up emKIsPDSG5...
Backing up emKidC2zLM...
Backing up emLectY5DG...
Backing up emMp6vWKNz...
Backing up emMuWBMRsg...
Backing up emOCmk6WAq...
Backing up emOeITPnJZ...
Backing up emOwhcjrvU...
Backing up emPmEqXSNN...
Backing up emPo6mvAau...
Backing up emROKelLsC...
Backing up emSKgMbuV2...
Backing up emSe3gNvRk...
Backing up emSicfj9vx...
Backing up emTlCT6Ihy...
Backing up emVFRNjr2i...
Backing up emVfuLHAbM...
Backing up emWQsGRbg6...
Backing up emWUCTIJ9r...
Backing up emXKkwIGb6...
Backing up emYABuos0L...
Backing up emYFD3lBp3...
Backing up emandi_uat...
Backing up embeC5wGKh...
Backing up embuYeEAbY...
Backing up emcifuYvQj...
Backing up emdkNHF0E3...
Backing up emevFsJdEY...
Backing up emf8DX3CBx...
Backing up emfLAeTqV3...
Backing up emfyKYvV5P...
Backing up emgcLQHkVy...
Backing up emhLLi7twT...
Backing up emhaORxyKa...
Backing up emhe5QjQNU...
Backing up emj7CAqeQP...
Backing up emjQK5mDJH...
Backing up emkloRegHx...
Backing up emkowI7Wrq...
Backing up emlBYF672K...
Backing up emlT6TuyzN...
Backing up emm8qXIcUC...
Backing up emogLT5Hx9...
Backing up emonuBxcN6...
Backing up empf9u6Px7...
Backing up empp0EObF0...
Backing up emrQbu9y33...
Backing up emromYZrDj...
Backing up ems6VwY7m0...
Backing up emsQVaWmQI...
Backing up emu1xcTul1...
Backing up emxWBiwNDR...
Backing up emyEBsEsFY...
Backing up emyPCHWV2p...
Backing up emyi76P7cY...
Backing up emzbVgZvwC...
Backing up emzjrD63Wt...
Backing up gloriousjournal_com...
Backing up nodejsframework...
Backing up servicepro...
Backing up serviceproreport...
Backing up test...
Backing up u797036281_cloudswiftsol...
Waiting 10 Seconds...
Pushing files to GitHub one by one...
Processing backup_and_push.log
Running: git add "backup_and_push.log"
Running: git commit -m "Auto backup: backup_and_push.log - 2026-06-09 11:00:52"
[main b1ee7a0] Auto backup: backup_and_push.log - 2026-06-09 11:00:52
 1 file changed, 1 insertion(+), 50859 deletions(-)
Running: git push origin main
To github.com:mayankpatel1004/Database-Local-Daily-Backup.git
   757f548..b1ee7a0  main -> main
Processing backup.log
Running: git add "backup.log"
Running: git commit -m "Auto backup: backup.log - 2026-06-09 11:01:01"
[main 153c840] Auto backup: backup.log - 2026-06-09 11:01:01
 1 file changed, 1 insertion(+), 75 deletions(-)
Running: git push origin main
To github.com:mayankpatel1004/Database-Local-Daily-Backup.git
   b1ee7a0..153c840  main -> main
Processing Demonstration.sql.gz
Running: git add "Demonstration.sql.gz"
Running: git commit -m "Auto backup: Demonstration.sql.gz - 2026-06-09 11:01:10"
[main c126fc0] Auto backup: Demonstration.sql.gz - 2026-06-09 11:01:10
 1 file changed, 0 insertions(+), 0 deletions(-)
Running: git push origin main
To github.com:mayankpatel1004/Database-Local-Daily-Backup.git
   153c840..c126fc0  main -> main
Processing em1P6pnnK2.sql.gz
Running: git add "em1P6pnnK2.sql.gz"
Running: git commit -m "Auto backup: em1P6pnnK2.sql.gz - 2026-06-09 11:01:18"
[main 0162e27] Auto backup: em1P6pnnK2.sql.gz - 2026-06-09 11:01:18
 1 file changed, 0 insertions(+), 0 deletions(-)
Running: git push origin main
To github.com:mayankpatel1004/Database-Local-Daily-Backup.git
   c126fc0..0162e27  main -> main
Processing em1xu8Cpnc.sql.gz
Running: git add "em1xu8Cpnc.sql.gz"
Running: git commit -m "Auto backup: em1xu8Cpnc.sql.gz - 2026-06-09 11:01:27"
[main 06c3cf7] Auto backup: em1xu8Cpnc.sql.gz - 2026-06-09 11:01:27
 1 file changed, 0 insertions(+), 0 deletions(-)
Running: git push origin main
To github.com:mayankpatel1004/Database-Local-Daily-Backup.git
   0162e27..06c3cf7  main -> main
Processing em2xgjUQfo.sql.gz
Running: git add "em2xgjUQfo.sql.gz"
Running: git commit -m "Auto backup: em2xgjUQfo.sql.gz - 2026-06-09 11:01:35"
[main 278f7bd] Auto backup: em2xgjUQfo.sql.gz - 2026-06-09 11:01:35
 1 file changed, 0 insertions(+), 0 deletions(-)
Running: git push origin main
To github.com:mayankpatel1004/Database-Local-Daily-Backup.git
   06c3cf7..278f7bd  main -> main
Processing em37ytN9AH.sql.gz
Running: git add "em37ytN9AH.sql.gz"
Running: git commit -m "Auto backup: em37ytN9AH.sql.gz - 2026-06-09 11:01:44"
[main 34a4d97] Auto backup: em37ytN9AH.sql.gz - 2026-06-09 11:01:44
 1 file changed, 0 insertions(+), 0 deletions(-)
Running: git push origin main
To github.com:mayankpatel1004/Database-Local-Daily-Backup.git
   278f7bd..34a4d97  main -> main
Processing em3CkBeVRl.sql.gz
Running: git add "em3CkBeVRl.sql.gz"
Running: git commit -m "Auto backup: em3CkBeVRl.sql.gz - 2026-06-09 11:01:53"
[main 2a75127] Auto backup: em3CkBeVRl.sql.gz - 2026-06-09 11:01:53
 1 file changed, 0 insertions(+), 0 deletions(-)
Running: git push origin main
To github.com:mayankpatel1004/Database-Local-Daily-Backup.git
   34a4d97..2a75127  main -> main
Processing em3R2bvDIC.sql.gz
Running: git add "em3R2bvDIC.sql.gz"
Running: git commit -m "Auto backup: em3R2bvDIC.sql.gz - 2026-06-09 11:02:01"
[main 23499d0] Auto backup: em3R2bvDIC.sql.gz - 2026-06-09 11:02:01
 1 file changed, 0 insertions(+), 0 deletions(-)
Running: git push origin main
To github.com:mayankpatel1004/Database-Local-Daily-Backup.git
   2a75127..23499d0  main -> main
Processing em3VSSR7Yz.sql.gz
Running: git add "em3VSSR7Yz.sql.gz"
Running: git commit -m "Auto backup: em3VSSR7Yz.sql.gz - 2026-06-09 11:02:10"
[main 03c73a2] Auto backup: em3VSSR7Yz.sql.gz - 2026-06-09 11:02:10
 1 file changed, 0 insertions(+), 0 deletions(-)
Running: git push origin main
To github.com:mayankpatel1004/Database-Local-Daily-Backup.git
   23499d0..03c73a2  main -> main
Processing em6qeR43bZ.sql.gz
Running: git add "em6qeR43bZ.sql.gz"
Running: git commit -m "Auto backup: em6qeR43bZ.sql.gz - 2026-06-09 11:02:19"
[main 5f2a77a] Auto backup: em6qeR43bZ.sql.gz - 2026-06-09 11:02:19
 1 file changed, 0 insertions(+), 0 deletions(-)
Running: git push origin main
To github.com:mayankpatel1004/Database-Local-Daily-Backup.git
   03c73a2..5f2a77a  main -> main
Processing em7dfg6a3p.sql.gz
Running: git add "em7dfg6a3p.sql.gz"
Running: git commit -m "Auto backup: em7dfg6a3p.sql.gz - 2026-06-09 11:02:27"
[main 6ec80e7] Auto backup: em7dfg6a3p.sql.gz - 2026-06-09 11:02:27
 1 file changed, 0 insertions(+), 0 deletions(-)
Running: git push origin main
To github.com:mayankpatel1004/Database-Local-Daily-Backup.git
   5f2a77a..6ec80e7  main -> main
Processing em7GXajUbd.sql.gz
Running: git add "em7GXajUbd.sql.gz"
Running: git commit -m "Auto backup: em7GXajUbd.sql.gz - 2026-06-09 11:02:36"
[main d1e310a] Auto backup: em7GXajUbd.sql.gz - 2026-06-09 11:02:36
 1 file changed, 0 insertions(+), 0 deletions(-)
Running: git push origin main
To github.com:mayankpatel1004/Database-Local-Daily-Backup.git
   6ec80e7..d1e310a  main -> main
Processing em7P4PKGJF.sql.gz
Running: git add "em7P4PKGJF.sql.gz"
Running: git commit -m "Auto backup: em7P4PKGJF.sql.gz - 2026-06-09 11:02:45"
[main d9bd366] Auto backup: em7P4PKGJF.sql.gz - 2026-06-09 11:02:45
 1 file changed, 0 insertions(+), 0 deletions(-)
Running: git push origin main
To github.com:mayankpatel1004/Database-Local-Daily-Backup.git
   d1e310a..d9bd366  main -> main
Processing em8pRAlK0y.sql.gz
Running: git add "em8pRAlK0y.sql.gz"
Running: git commit -m "Auto backup: em8pRAlK0y.sql.gz - 2026-06-09 11:02:53"
[main 5345ea7] Auto backup: em8pRAlK0y.sql.gz - 2026-06-09 11:02:53
 1 file changed, 0 insertions(+), 0 deletions(-)
Running: git push origin main
To github.com:mayankpatel1004/Database-Local-Daily-Backup.git
   d9bd366..5345ea7  main -> main
Processing emA0FNN3aq.sql.gz
Running: git add "emA0FNN3aq.sql.gz"
Running: git commit -m "Auto backup: emA0FNN3aq.sql.gz - 2026-06-09 11:03:07"
[main cc1227b] Auto backup: emA0FNN3aq.sql.gz - 2026-06-09 11:03:07
 1 file changed, 0 insertions(+), 0 deletions(-)
Running: git push origin main
To github.com:mayankpatel1004/Database-Local-Daily-Backup.git
   5345ea7..cc1227b  main -> main
Processing emandi_uat.sql.gz
Running: git add "emandi_uat.sql.gz"
Running: git commit -m "Auto backup: emandi_uat.sql.gz - 2026-06-09 11:03:16"
[main bef843e] Auto backup: emandi_uat.sql.gz - 2026-06-09 11:03:16
 1 file changed, 0 insertions(+), 0 deletions(-)
Running: git push origin main
To github.com:mayankpatel1004/Database-Local-Daily-Backup.git
   cc1227b..bef843e  main -> main
Processing emAsWlggJB.sql.gz
Running: git add "emAsWlggJB.sql.gz"
Running: git commit -m "Auto backup: emAsWlggJB.sql.gz - 2026-06-09 11:03:26"
[main 18c923e] Auto backup: emAsWlggJB.sql.gz - 2026-06-09 11:03:26
 1 file changed, 0 insertions(+), 0 deletions(-)
Running: git push origin main
To github.com:mayankpatel1004/Database-Local-Daily-Backup.git
   bef843e..18c923e  main -> main
Processing embeC5wGKh.sql.gz
Running: git add "embeC5wGKh.sql.gz"
Running: git commit -m "Auto backup: embeC5wGKh.sql.gz - 2026-06-09 11:03:34"
[main 72554b3] Auto backup: embeC5wGKh.sql.gz - 2026-06-09 11:03:34
 1 file changed, 0 insertions(+), 0 deletions(-)
Running: git push origin main
To github.com:mayankpatel1004/Database-Local-Daily-Backup.git
   18c923e..72554b3  main -> main
Processing embuYeEAbY.sql.gz
Running: git add "embuYeEAbY.sql.gz"
Running: git commit -m "Auto backup: embuYeEAbY.sql.gz - 2026-06-09 11:03:48"
[main fd9981b] Auto backup: embuYeEAbY.sql.gz - 2026-06-09 11:03:48
 1 file changed, 0 insertions(+), 0 deletions(-)
Running: git push origin main
To github.com:mayankpatel1004/Database-Local-Daily-Backup.git
   72554b3..fd9981b  main -> main
Processing emcifuYvQj.sql.gz
Running: git add "emcifuYvQj.sql.gz"
Running: git commit -m "Auto backup: emcifuYvQj.sql.gz - 2026-06-09 11:03:56"
[main 6309f2f] Auto backup: emcifuYvQj.sql.gz - 2026-06-09 11:03:56
 1 file changed, 0 insertions(+), 0 deletions(-)
Running: git push origin main
To github.com:mayankpatel1004/Database-Local-Daily-Backup.git
   fd9981b..6309f2f  main -> main
Processing emCoPAk3qn.sql.gz
Running: git add "emCoPAk3qn.sql.gz"
Running: git commit -m "Auto backup: emCoPAk3qn.sql.gz - 2026-06-09 11:04:05"
[main a89e2da] Auto backup: emCoPAk3qn.sql.gz - 2026-06-09 11:04:05
 1 file changed, 0 insertions(+), 0 deletions(-)
Running: git push origin main
To github.com:mayankpatel1004/Database-Local-Daily-Backup.git
   6309f2f..a89e2da  main -> main
Processing emCpKr5AFc.sql.gz
Running: git add "emCpKr5AFc.sql.gz"
Running: git commit -m "Auto backup: emCpKr5AFc.sql.gz - 2026-06-09 11:04:14"
[main 378d80b] Auto backup: emCpKr5AFc.sql.gz - 2026-06-09 11:04:14
 1 file changed, 0 insertions(+), 0 deletions(-)
Running: git push origin main
To github.com:mayankpatel1004/Database-Local-Daily-Backup.git
   a89e2da..378d80b  main -> main
Processing emDhiI7xxE.sql.gz
Running: git add "emDhiI7xxE.sql.gz"
Running: git commit -m "Auto backup: emDhiI7xxE.sql.gz - 2026-06-09 11:04:22"
[main b63c97b] Auto backup: emDhiI7xxE.sql.gz - 2026-06-09 11:04:22
 1 file changed, 0 insertions(+), 0 deletions(-)
Running: git push origin main
To github.com:mayankpatel1004/Database-Local-Daily-Backup.git
   378d80b..b63c97b  main -> main
Processing emdkNHF0E3.sql.gz
Running: git add "emdkNHF0E3.sql.gz"
Running: git commit -m "Auto backup: emdkNHF0E3.sql.gz - 2026-06-09 11:04:31"
[main 40cd16f] Auto backup: emdkNHF0E3.sql.gz - 2026-06-09 11:04:31
 1 file changed, 0 insertions(+), 0 deletions(-)
Running: git push origin main
To github.com:mayankpatel1004/Database-Local-Daily-Backup.git
   b63c97b..40cd16f  main -> main
Processing emE0JkFO5q.sql.gz
Running: git add "emE0JkFO5q.sql.gz"
Running: git commit -m "Auto backup: emE0JkFO5q.sql.gz - 2026-06-09 11:04:39"
[main 7bbc805] Auto backup: emE0JkFO5q.sql.gz - 2026-06-09 11:04:39
 1 file changed, 0 insertions(+), 0 deletions(-)
Running: git push origin main
To github.com:mayankpatel1004/Database-Local-Daily-Backup.git
   40cd16f..7bbc805  main -> main
Processing emEd5JknWJ.sql.gz
Running: git add "emEd5JknWJ.sql.gz"
Running: git commit -m "Auto backup: emEd5JknWJ.sql.gz - 2026-06-09 11:04:48"
[main e63ae00] Auto backup: emEd5JknWJ.sql.gz - 2026-06-09 11:04:48
 1 file changed, 0 insertions(+), 0 deletions(-)
Running: git push origin main
To github.com:mayankpatel1004/Database-Local-Daily-Backup.git
   7bbc805..e63ae00  main -> main
Processing emevFsJdEY.sql.gz
Running: git add "emevFsJdEY.sql.gz"
Running: git commit -m "Auto backup: emevFsJdEY.sql.gz - 2026-06-09 11:04:56"
[main 91dc14f] Auto backup: emevFsJdEY.sql.gz - 2026-06-09 11:04:56
 1 file changed, 0 insertions(+), 0 deletions(-)
Running: git push origin main
To github.com:mayankpatel1004/Database-Local-Daily-Backup.git
   e63ae00..91dc14f  main -> main
Processing emF0JJ2lqH.sql.gz
Running: git add "emF0JJ2lqH.sql.gz"
Running: git commit -m "Auto backup: emF0JJ2lqH.sql.gz - 2026-06-09 11:05:05"
[main 689541a] Auto backup: emF0JJ2lqH.sql.gz - 2026-06-09 11:05:05
 1 file changed, 0 insertions(+), 0 deletions(-)
Running: git push origin main
To github.com:mayankpatel1004/Database-Local-Daily-Backup.git
   91dc14f..689541a  main -> main
Processing emF3Gzodq8.sql.gz
Running: git add "emF3Gzodq8.sql.gz"
Running: git commit -m "Auto backup: emF3Gzodq8.sql.gz - 2026-06-09 11:05:14"
[main d2f75cb] Auto backup: emF3Gzodq8.sql.gz - 2026-06-09 11:05:14
 1 file changed, 0 insertions(+), 0 deletions(-)
Running: git push origin main
To github.com:mayankpatel1004/Database-Local-Daily-Backup.git
   689541a..d2f75cb  main -> main
Processing emf8DX3CBx.sql.gz
Running: git add "emf8DX3CBx.sql.gz"
Running: git commit -m "Auto backup: emf8DX3CBx.sql.gz - 2026-06-09 11:05:22"
[main edfc17c] Auto backup: emf8DX3CBx.sql.gz - 2026-06-09 11:05:22
 1 file changed, 0 insertions(+), 0 deletions(-)
Running: git push origin main
To github.com:mayankpatel1004/Database-Local-Daily-Backup.git
   d2f75cb..edfc17c  main -> main
Processing emFCb1petd.sql.gz
Running: git add "emFCb1petd.sql.gz"
Running: git commit -m "Auto backup: emFCb1petd.sql.gz - 2026-06-09 11:05:31"
[main eb5fb03] Auto backup: emFCb1petd.sql.gz - 2026-06-09 11:05:31
 1 file changed, 0 insertions(+), 0 deletions(-)
Running: git push origin main
To github.com:mayankpatel1004/Database-Local-Daily-Backup.git
   edfc17c..eb5fb03  main -> main
Processing emFJfwL1Zh.sql.gz
Running: git add "emFJfwL1Zh.sql.gz"
Running: git commit -m "Auto backup: emFJfwL1Zh.sql.gz - 2026-06-09 11:05:39"
[main 99ba036] Auto backup: emFJfwL1Zh.sql.gz - 2026-06-09 11:05:39
 1 file changed, 0 insertions(+), 0 deletions(-)
Running: git push origin main
To github.com:mayankpatel1004/Database-Local-Daily-Backup.git
   eb5fb03..99ba036  main -> main
Processing emfLAeTqV3.sql.gz
Running: git add "emfLAeTqV3.sql.gz"
Running: git commit -m "Auto backup: emfLAeTqV3.sql.gz - 2026-06-09 11:05:48"
[main 92e4302] Auto backup: emfLAeTqV3.sql.gz - 2026-06-09 11:05:48
 1 file changed, 0 insertions(+), 0 deletions(-)
Running: git push origin main
To github.com:mayankpatel1004/Database-Local-Daily-Backup.git
   99ba036..92e4302  main -> main
Processing emFrpcZyMf.sql.gz
Running: git add "emFrpcZyMf.sql.gz"
Running: git commit -m "Auto backup: emFrpcZyMf.sql.gz - 2026-06-09 11:05:57"
[main e936fac] Auto backup: emFrpcZyMf.sql.gz - 2026-06-09 11:05:57
 1 file changed, 0 insertions(+), 0 deletions(-)
Running: git push origin main
To github.com:mayankpatel1004/Database-Local-Daily-Backup.git
   92e4302..e936fac  main -> main
Processing emfyKYvV5P.sql.gz
Running: git add "emfyKYvV5P.sql.gz"
Running: git commit -m "Auto backup: emfyKYvV5P.sql.gz - 2026-06-09 11:06:05"
[main 55cc574] Auto backup: emfyKYvV5P.sql.gz - 2026-06-09 11:06:05
 1 file changed, 0 insertions(+), 0 deletions(-)
Running: git push origin main
To github.com:mayankpatel1004/Database-Local-Daily-Backup.git
   e936fac..55cc574  main -> main
Processing emgcLQHkVy.sql.gz
Running: git add "emgcLQHkVy.sql.gz"
Running: git commit -m "Auto backup: emgcLQHkVy.sql.gz - 2026-06-09 11:06:14"
[main 6b3206e] Auto backup: emgcLQHkVy.sql.gz - 2026-06-09 11:06:14
 1 file changed, 0 insertions(+), 0 deletions(-)
Running: git push origin main
To github.com:mayankpatel1004/Database-Local-Daily-Backup.git
   55cc574..6b3206e  main -> main
Processing emGwDoBnbS.sql.gz
Running: git add "emGwDoBnbS.sql.gz"
Running: git commit -m "Auto backup: emGwDoBnbS.sql.gz - 2026-06-09 11:06:22"
[main d0f9608] Auto backup: emGwDoBnbS.sql.gz - 2026-06-09 11:06:22
 1 file changed, 0 insertions(+), 0 deletions(-)
Running: git push origin main
To github.com:mayankpatel1004/Database-Local-Daily-Backup.git
   6b3206e..d0f9608  main -> main
Processing emhaORxyKa.sql.gz
Running: git add "emhaORxyKa.sql.gz"
Running: git commit -m "Auto backup: emhaORxyKa.sql.gz - 2026-06-09 11:06:31"
[main 2710acc] Auto backup: emhaORxyKa.sql.gz - 2026-06-09 11:06:31
 1 file changed, 0 insertions(+), 0 deletions(-)
Running: git push origin main
To github.com:mayankpatel1004/Database-Local-Daily-Backup.git
   d0f9608..2710acc  main -> main
Processing emhe5QjQNU.sql.gz
Running: git add "emhe5QjQNU.sql.gz"
Running: git commit -m "Auto backup: emhe5QjQNU.sql.gz - 2026-06-09 11:06:39"
[main 96cdfea] Auto backup: emhe5QjQNU.sql.gz - 2026-06-09 11:06:39
 1 file changed, 0 insertions(+), 0 deletions(-)
Running: git push origin main
To github.com:mayankpatel1004/Database-Local-Daily-Backup.git
   2710acc..96cdfea  main -> main
Processing emhLLi7twT.sql.gz
Running: git add "emhLLi7twT.sql.gz"
Running: git commit -m "Auto backup: emhLLi7twT.sql.gz - 2026-06-09 11:06:48"
[main 0d02f56] Auto backup: emhLLi7twT.sql.gz - 2026-06-09 11:06:48
 1 file changed, 0 insertions(+), 0 deletions(-)
Running: git push origin main
To github.com:mayankpatel1004/Database-Local-Daily-Backup.git
   96cdfea..0d02f56  main -> main
Processing emHMvJOCjW.sql.gz
Running: git add "emHMvJOCjW.sql.gz"
Running: git commit -m "Auto backup: emHMvJOCjW.sql.gz - 2026-06-09 11:06:57"
[main 35b0a8c] Auto backup: emHMvJOCjW.sql.gz - 2026-06-09 11:06:57
 1 file changed, 0 insertions(+), 0 deletions(-)
Running: git push origin main
To github.com:mayankpatel1004/Database-Local-Daily-Backup.git
   0d02f56..35b0a8c  main -> main
Processing emICMyY5oX.sql.gz
Running: git add "emICMyY5oX.sql.gz"
Running: git commit -m "Auto backup: emICMyY5oX.sql.gz - 2026-06-09 11:07:05"
[main 06bceb3] Auto backup: emICMyY5oX.sql.gz - 2026-06-09 11:07:05
 1 file changed, 0 insertions(+), 0 deletions(-)
Running: git push origin main
To github.com:mayankpatel1004/Database-Local-Daily-Backup.git
   35b0a8c..06bceb3  main -> main
Processing emIT2jlJ9j.sql.gz
Running: git add "emIT2jlJ9j.sql.gz"
Running: git commit -m "Auto backup: emIT2jlJ9j.sql.gz - 2026-06-09 11:07:14"
[main 7d56f9b] Auto backup: emIT2jlJ9j.sql.gz - 2026-06-09 11:07:14
 1 file changed, 0 insertions(+), 0 deletions(-)
Running: git push origin main
To github.com:mayankpatel1004/Database-Local-Daily-Backup.git
   06bceb3..7d56f9b  main -> main
Processing emIx0rjbZy.sql.gz
Running: git add "emIx0rjbZy.sql.gz"
Running: git commit -m "Auto backup: emIx0rjbZy.sql.gz - 2026-06-09 11:07:22"
[main 1891646] Auto backup: emIx0rjbZy.sql.gz - 2026-06-09 11:07:22
 1 file changed, 0 insertions(+), 0 deletions(-)
Running: git push origin main
To github.com:mayankpatel1004/Database-Local-Daily-Backup.git
   7d56f9b..1891646  main -> main
Processing emj7CAqeQP.sql.gz
Running: git add "emj7CAqeQP.sql.gz"
Running: git commit -m "Auto backup: emj7CAqeQP.sql.gz - 2026-06-09 11:07:31"
[main 319cb1d] Auto backup: emj7CAqeQP.sql.gz - 2026-06-09 11:07:31
 1 file changed, 0 insertions(+), 0 deletions(-)
Running: git push origin main
To github.com:mayankpatel1004/Database-Local-Daily-Backup.git
   1891646..319cb1d  main -> main
Processing emJcuMFp4P.sql.gz
Running: git add "emJcuMFp4P.sql.gz"
Running: git commit -m "Auto backup: emJcuMFp4P.sql.gz - 2026-06-09 11:07:40"
[main 281ba76] Auto backup: emJcuMFp4P.sql.gz - 2026-06-09 11:07:40
 1 file changed, 0 insertions(+), 0 deletions(-)
Running: git push origin main
To github.com:mayankpatel1004/Database-Local-Daily-Backup.git
   319cb1d..281ba76  main -> main
Processing emjQK5mDJH.sql.gz
Running: git add "emjQK5mDJH.sql.gz"
Running: git commit -m "Auto backup: emjQK5mDJH.sql.gz - 2026-06-09 11:07:48"
[main 1eeb79b] Auto backup: emjQK5mDJH.sql.gz - 2026-06-09 11:07:48
 1 file changed, 0 insertions(+), 0 deletions(-)
Running: git push origin main
To github.com:mayankpatel1004/Database-Local-Daily-Backup.git
   281ba76..1eeb79b  main -> main
Processing emKEtcvTZr.sql.gz
Running: git add "emKEtcvTZr.sql.gz"
Running: git commit -m "Auto backup: emKEtcvTZr.sql.gz - 2026-06-09 11:07:56"
[main af0e716] Auto backup: emKEtcvTZr.sql.gz - 2026-06-09 11:07:56
 1 file changed, 0 insertions(+), 0 deletions(-)
Running: git push origin main
To github.com:mayankpatel1004/Database-Local-Daily-Backup.git
   1eeb79b..af0e716  main -> main
Processing emKidC2zLM.sql.gz
Running: git add "emKidC2zLM.sql.gz"
Running: git commit -m "Auto backup: emKidC2zLM.sql.gz - 2026-06-09 11:08:04"
[main 4cebdd6] Auto backup: emKidC2zLM.sql.gz - 2026-06-09 11:08:04
 1 file changed, 0 insertions(+), 0 deletions(-)
Running: git push origin main
To github.com:mayankpatel1004/Database-Local-Daily-Backup.git
   af0e716..4cebdd6  main -> main
Processing emKIsPDSG5.sql.gz
Running: git add "emKIsPDSG5.sql.gz"
Running: git commit -m "Auto backup: emKIsPDSG5.sql.gz - 2026-06-09 11:08:12"
[main da047c8] Auto backup: emKIsPDSG5.sql.gz - 2026-06-09 11:08:12
 1 file changed, 0 insertions(+), 0 deletions(-)
Running: git push origin main
To github.com:mayankpatel1004/Database-Local-Daily-Backup.git
   4cebdd6..da047c8  main -> main
Processing emkloRegHx.sql.gz
Running: git add "emkloRegHx.sql.gz"
Running: git commit -m "Auto backup: emkloRegHx.sql.gz - 2026-06-09 11:08:20"
[main 4b6094d] Auto backup: emkloRegHx.sql.gz - 2026-06-09 11:08:20
 1 file changed, 0 insertions(+), 0 deletions(-)
Running: git push origin main
To github.com:mayankpatel1004/Database-Local-Daily-Backup.git
   da047c8..4b6094d  main -> main
Processing emkowI7Wrq.sql.gz
Running: git add "emkowI7Wrq.sql.gz"
Running: git commit -m "Auto backup: emkowI7Wrq.sql.gz - 2026-06-09 11:08:29"
[main 6087026] Auto backup: emkowI7Wrq.sql.gz - 2026-06-09 11:08:29
 1 file changed, 0 insertions(+), 0 deletions(-)
Running: git push origin main
To github.com:mayankpatel1004/Database-Local-Daily-Backup.git
   4b6094d..6087026  main -> main
Processing emlBYF672K.sql.gz
Running: git add "emlBYF672K.sql.gz"
Running: git commit -m "Auto backup: emlBYF672K.sql.gz - 2026-06-09 11:08:37"
[main 5202b28] Auto backup: emlBYF672K.sql.gz - 2026-06-09 11:08:37
 1 file changed, 0 insertions(+), 0 deletions(-)
Running: git push origin main
To github.com:mayankpatel1004/Database-Local-Daily-Backup.git
   6087026..5202b28  main -> main
Processing emLectY5DG.sql.gz
Running: git add "emLectY5DG.sql.gz"
Running: git commit -m "Auto backup: emLectY5DG.sql.gz - 2026-06-09 11:08:45"
[main 207347e] Auto backup: emLectY5DG.sql.gz - 2026-06-09 11:08:45
 1 file changed, 0 insertions(+), 0 deletions(-)
Running: git push origin main
To github.com:mayankpatel1004/Database-Local-Daily-Backup.git
   5202b28..207347e  main -> main
Processing emlT6TuyzN.sql.gz
Running: git add "emlT6TuyzN.sql.gz"
Running: git commit -m "Auto backup: emlT6TuyzN.sql.gz - 2026-06-09 11:08:53"
[main 9bf2b62] Auto backup: emlT6TuyzN.sql.gz - 2026-06-09 11:08:53
 1 file changed, 0 insertions(+), 0 deletions(-)
Running: git push origin main
To github.com:mayankpatel1004/Database-Local-Daily-Backup.git
   207347e..9bf2b62  main -> main
Processing emm8qXIcUC.sql.gz
Running: git add "emm8qXIcUC.sql.gz"
Running: git commit -m "Auto backup: emm8qXIcUC.sql.gz - 2026-06-09 11:09:01"
[main de2b517] Auto backup: emm8qXIcUC.sql.gz - 2026-06-09 11:09:01
 1 file changed, 0 insertions(+), 0 deletions(-)
Running: git push origin main
To github.com:mayankpatel1004/Database-Local-Daily-Backup.git
   9bf2b62..de2b517  main -> main
Processing emMp6vWKNz.sql.gz
Running: git add "emMp6vWKNz.sql.gz"
Running: git commit -m "Auto backup: emMp6vWKNz.sql.gz - 2026-06-09 11:09:09"
[main a138060] Auto backup: emMp6vWKNz.sql.gz - 2026-06-09 11:09:09
 1 file changed, 0 insertions(+), 0 deletions(-)
Running: git push origin main
To github.com:mayankpatel1004/Database-Local-Daily-Backup.git
   de2b517..a138060  main -> main
Processing emMuWBMRsg.sql.gz
Running: git add "emMuWBMRsg.sql.gz"
Running: git commit -m "Auto backup: emMuWBMRsg.sql.gz - 2026-06-09 11:09:18"
[main 06c3858] Auto backup: emMuWBMRsg.sql.gz - 2026-06-09 11:09:18
 1 file changed, 0 insertions(+), 0 deletions(-)
Running: git push origin main
To github.com:mayankpatel1004/Database-Local-Daily-Backup.git
   a138060..06c3858  main -> main
Processing emOCmk6WAq.sql.gz
Running: git add "emOCmk6WAq.sql.gz"
Running: git commit -m "Auto backup: emOCmk6WAq.sql.gz - 2026-06-09 11:09:27"
[main 16437fb] Auto backup: emOCmk6WAq.sql.gz - 2026-06-09 11:09:27
 1 file changed, 0 insertions(+), 0 deletions(-)
Running: git push origin main
To github.com:mayankpatel1004/Database-Local-Daily-Backup.git
   06c3858..16437fb  main -> main
Processing emOeITPnJZ.sql.gz
Running: git add "emOeITPnJZ.sql.gz"
Running: git commit -m "Auto backup: emOeITPnJZ.sql.gz - 2026-06-09 11:09:35"
[main cad8f0c] Auto backup: emOeITPnJZ.sql.gz - 2026-06-09 11:09:35
 1 file changed, 0 insertions(+), 0 deletions(-)
Running: git push origin main
To github.com:mayankpatel1004/Database-Local-Daily-Backup.git
   16437fb..cad8f0c  main -> main
Processing emogLT5Hx9.sql.gz
Running: git add "emogLT5Hx9.sql.gz"
Running: git commit -m "Auto backup: emogLT5Hx9.sql.gz - 2026-06-09 11:09:43"
[main dd25dd5] Auto backup: emogLT5Hx9.sql.gz - 2026-06-09 11:09:43
 1 file changed, 0 insertions(+), 0 deletions(-)
Running: git push origin main
To github.com:mayankpatel1004/Database-Local-Daily-Backup.git
   cad8f0c..dd25dd5  main -> main
Processing emonuBxcN6.sql.gz
Running: git add "emonuBxcN6.sql.gz"
Running: git commit -m "Auto backup: emonuBxcN6.sql.gz - 2026-06-09 11:09:51"
[main fbeffa6] Auto backup: emonuBxcN6.sql.gz - 2026-06-09 11:09:51
 1 file changed, 0 insertions(+), 0 deletions(-)
Running: git push origin main
To github.com:mayankpatel1004/Database-Local-Daily-Backup.git
   dd25dd5..fbeffa6  main -> main
Processing emOwhcjrvU.sql.gz
Running: git add "emOwhcjrvU.sql.gz"
Running: git commit -m "Auto backup: emOwhcjrvU.sql.gz - 2026-06-09 11:09:59"
[main 7634bb5] Auto backup: emOwhcjrvU.sql.gz - 2026-06-09 11:09:59
 1 file changed, 0 insertions(+), 0 deletions(-)
Running: git push origin main
To github.com:mayankpatel1004/Database-Local-Daily-Backup.git
   fbeffa6..7634bb5  main -> main
Processing empf9u6Px7.sql.gz
Running: git add "empf9u6Px7.sql.gz"
Running: git commit -m "Auto backup: empf9u6Px7.sql.gz - 2026-06-09 11:10:08"
[main ca07ab7] Auto backup: empf9u6Px7.sql.gz - 2026-06-09 11:10:08
 1 file changed, 0 insertions(+), 0 deletions(-)
Running: git push origin main
To github.com:mayankpatel1004/Database-Local-Daily-Backup.git
   7634bb5..ca07ab7  main -> main
Processing emPmEqXSNN.sql.gz
Running: git add "emPmEqXSNN.sql.gz"
Running: git commit -m "Auto backup: emPmEqXSNN.sql.gz - 2026-06-09 11:10:16"
[main 270598e] Auto backup: emPmEqXSNN.sql.gz - 2026-06-09 11:10:16
 1 file changed, 0 insertions(+), 0 deletions(-)
Running: git push origin main
To github.com:mayankpatel1004/Database-Local-Daily-Backup.git
   ca07ab7..270598e  main -> main
Processing emPo6mvAau.sql.gz
Running: git add "emPo6mvAau.sql.gz"
Running: git commit -m "Auto backup: emPo6mvAau.sql.gz - 2026-06-09 11:10:25"
[main 6cec2e8] Auto backup: emPo6mvAau.sql.gz - 2026-06-09 11:10:25
 1 file changed, 0 insertions(+), 0 deletions(-)
Running: git push origin main
To github.com:mayankpatel1004/Database-Local-Daily-Backup.git
   270598e..6cec2e8  main -> main
Processing empp0EObF0.sql.gz
Running: git add "empp0EObF0.sql.gz"
Running: git commit -m "Auto backup: empp0EObF0.sql.gz - 2026-06-09 11:10:33"
[main 44ffe3f] Auto backup: empp0EObF0.sql.gz - 2026-06-09 11:10:33
 1 file changed, 0 insertions(+), 0 deletions(-)
Running: git push origin main
To github.com:mayankpatel1004/Database-Local-Daily-Backup.git
   6cec2e8..44ffe3f  main -> main
Processing emROKelLsC.sql.gz
Running: git add "emROKelLsC.sql.gz"
Running: git commit -m "Auto backup: emROKelLsC.sql.gz - 2026-06-09 11:10:41"
[main 60354c4] Auto backup: emROKelLsC.sql.gz - 2026-06-09 11:10:41
 1 file changed, 0 insertions(+), 0 deletions(-)
Running: git push origin main
To github.com:mayankpatel1004/Database-Local-Daily-Backup.git
   44ffe3f..60354c4  main -> main
Processing emromYZrDj.sql.gz
Running: git add "emromYZrDj.sql.gz"
Running: git commit -m "Auto backup: emromYZrDj.sql.gz - 2026-06-09 11:10:49"
[main e1715d6] Auto backup: emromYZrDj.sql.gz - 2026-06-09 11:10:49
 1 file changed, 0 insertions(+), 0 deletions(-)
Running: git push origin main
To github.com:mayankpatel1004/Database-Local-Daily-Backup.git
   60354c4..e1715d6  main -> main
Processing emrQbu9y33.sql.gz
Running: git add "emrQbu9y33.sql.gz"
Running: git commit -m "Auto backup: emrQbu9y33.sql.gz - 2026-06-09 11:10:58"
[main 9cd1d47] Auto backup: emrQbu9y33.sql.gz - 2026-06-09 11:10:58
 1 file changed, 0 insertions(+), 0 deletions(-)
Running: git push origin main
To github.com:mayankpatel1004/Database-Local-Daily-Backup.git
   e1715d6..9cd1d47  main -> main
Processing ems6VwY7m0.sql.gz
Running: git add "ems6VwY7m0.sql.gz"
Running: git commit -m "Auto backup: ems6VwY7m0.sql.gz - 2026-06-09 11:11:06"
[main edfaaf8] Auto backup: ems6VwY7m0.sql.gz - 2026-06-09 11:11:06
 1 file changed, 0 insertions(+), 0 deletions(-)
Running: git push origin main
To github.com:mayankpatel1004/Database-Local-Daily-Backup.git
   9cd1d47..edfaaf8  main -> main
Processing emSe3gNvRk.sql.gz
Running: git add "emSe3gNvRk.sql.gz"
Running: git commit -m "Auto backup: emSe3gNvRk.sql.gz - 2026-06-09 11:11:14"
[main 728355d] Auto backup: emSe3gNvRk.sql.gz - 2026-06-09 11:11:14
 1 file changed, 0 insertions(+), 0 deletions(-)
Running: git push origin main
To github.com:mayankpatel1004/Database-Local-Daily-Backup.git
   edfaaf8..728355d  main -> main
Processing emSicfj9vx.sql.gz
Running: git add "emSicfj9vx.sql.gz"
Running: git commit -m "Auto backup: emSicfj9vx.sql.gz - 2026-06-09 11:11:22"
[main fcd388a] Auto backup: emSicfj9vx.sql.gz - 2026-06-09 11:11:22
 1 file changed, 0 insertions(+), 0 deletions(-)
Running: git push origin main
To github.com:mayankpatel1004/Database-Local-Daily-Backup.git
   728355d..fcd388a  main -> main
Processing emSKgMbuV2.sql.gz
Running: git add "emSKgMbuV2.sql.gz"
Running: git commit -m "Auto backup: emSKgMbuV2.sql.gz - 2026-06-09 11:11:30"
[main 2fe0817] Auto backup: emSKgMbuV2.sql.gz - 2026-06-09 11:11:30
 1 file changed, 0 insertions(+), 0 deletions(-)
Running: git push origin main
To github.com:mayankpatel1004/Database-Local-Daily-Backup.git
   fcd388a..2fe0817  main -> main
Processing emsQVaWmQI.sql.gz
Running: git add "emsQVaWmQI.sql.gz"
Running: git commit -m "Auto backup: emsQVaWmQI.sql.gz - 2026-06-09 11:11:39"
[main 3c06f48] Auto backup: emsQVaWmQI.sql.gz - 2026-06-09 11:11:39
 1 file changed, 0 insertions(+), 0 deletions(-)
Running: git push origin main
To github.com:mayankpatel1004/Database-Local-Daily-Backup.git
   2fe0817..3c06f48  main -> main
Processing emTlCT6Ihy.sql.gz
Running: git add "emTlCT6Ihy.sql.gz"
Running: git commit -m "Auto backup: emTlCT6Ihy.sql.gz - 2026-06-09 11:11:47"
[main e513d84] Auto backup: emTlCT6Ihy.sql.gz - 2026-06-09 11:11:47
 1 file changed, 0 insertions(+), 0 deletions(-)
Running: git push origin main
To github.com:mayankpatel1004/Database-Local-Daily-Backup.git
   3c06f48..e513d84  main -> main
Processing emu1xcTul1.sql.gz
Running: git add "emu1xcTul1.sql.gz"
Running: git commit -m "Auto backup: emu1xcTul1.sql.gz - 2026-06-09 11:11:55"
[main 101660c] Auto backup: emu1xcTul1.sql.gz - 2026-06-09 11:11:55
 1 file changed, 0 insertions(+), 0 deletions(-)
Running: git push origin main
To github.com:mayankpatel1004/Database-Local-Daily-Backup.git
   e513d84..101660c  main -> main
Processing emVFRNjr2i.sql.gz
Running: git add "emVFRNjr2i.sql.gz"
Running: git commit -m "Auto backup: emVFRNjr2i.sql.gz - 2026-06-09 11:12:04"
[main e9fe6b0] Auto backup: emVFRNjr2i.sql.gz - 2026-06-09 11:12:04
 1 file changed, 0 insertions(+), 0 deletions(-)
Running: git push origin main
To github.com:mayankpatel1004/Database-Local-Daily-Backup.git
   101660c..e9fe6b0  main -> main
Processing emVfuLHAbM.sql.gz
Running: git add "emVfuLHAbM.sql.gz"
Running: git commit -m "Auto backup: emVfuLHAbM.sql.gz - 2026-06-09 11:12:12"
[main b224a77] Auto backup: emVfuLHAbM.sql.gz - 2026-06-09 11:12:12
 1 file changed, 0 insertions(+), 0 deletions(-)
Running: git push origin main
To github.com:mayankpatel1004/Database-Local-Daily-Backup.git
   e9fe6b0..b224a77  main -> main
Processing emWQsGRbg6.sql.gz
Running: git add "emWQsGRbg6.sql.gz"
Running: git commit -m "Auto backup: emWQsGRbg6.sql.gz - 2026-06-09 11:12:20"
[main f91bdff] Auto backup: emWQsGRbg6.sql.gz - 2026-06-09 11:12:20
 1 file changed, 0 insertions(+), 0 deletions(-)
Running: git push origin main
To github.com:mayankpatel1004/Database-Local-Daily-Backup.git
   b224a77..f91bdff  main -> main
Processing emWUCTIJ9r.sql.gz
Running: git add "emWUCTIJ9r.sql.gz"
Running: git commit -m "Auto backup: emWUCTIJ9r.sql.gz - 2026-06-09 11:12:28"
[main 3c9a88d] Auto backup: emWUCTIJ9r.sql.gz - 2026-06-09 11:12:28
 1 file changed, 0 insertions(+), 0 deletions(-)
Running: git push origin main
To github.com:mayankpatel1004/Database-Local-Daily-Backup.git
   f91bdff..3c9a88d  main -> main
Processing emXKkwIGb6.sql.gz
Running: git add "emXKkwIGb6.sql.gz"
Running: git commit -m "Auto backup: emXKkwIGb6.sql.gz - 2026-06-09 11:12:37"
[main 074b9a3] Auto backup: emXKkwIGb6.sql.gz - 2026-06-09 11:12:37
 1 file changed, 0 insertions(+), 0 deletions(-)
Running: git push origin main
To github.com:mayankpatel1004/Database-Local-Daily-Backup.git
   3c9a88d..074b9a3  main -> main
Processing emxWBiwNDR.sql.gz
Running: git add "emxWBiwNDR.sql.gz"
Running: git commit -m "Auto backup: emxWBiwNDR.sql.gz - 2026-06-09 11:12:45"
[main 7601edf] Auto backup: emxWBiwNDR.sql.gz - 2026-06-09 11:12:45
 1 file changed, 0 insertions(+), 0 deletions(-)
Running: git push origin main
To github.com:mayankpatel1004/Database-Local-Daily-Backup.git
   074b9a3..7601edf  main -> main
Processing emYABuos0L.sql.gz
Running: git add "emYABuos0L.sql.gz"
Running: git commit -m "Auto backup: emYABuos0L.sql.gz - 2026-06-09 11:12:53"
[main e873942] Auto backup: emYABuos0L.sql.gz - 2026-06-09 11:12:53
 1 file changed, 0 insertions(+), 0 deletions(-)
Running: git push origin main
To github.com:mayankpatel1004/Database-Local-Daily-Backup.git
   7601edf..e873942  main -> main
Processing emyEBsEsFY.sql.gz
Running: git add "emyEBsEsFY.sql.gz"
Running: git commit -m "Auto backup: emyEBsEsFY.sql.gz - 2026-06-09 11:13:02"
[main 59e0e4c] Auto backup: emyEBsEsFY.sql.gz - 2026-06-09 11:13:02
 1 file changed, 0 insertions(+), 0 deletions(-)
Running: git push origin main
To github.com:mayankpatel1004/Database-Local-Daily-Backup.git
   e873942..59e0e4c  main -> main
Processing emYFD3lBp3.sql.gz
Running: git add "emYFD3lBp3.sql.gz"
Running: git commit -m "Auto backup: emYFD3lBp3.sql.gz - 2026-06-09 11:13:10"
[main a218885] Auto backup: emYFD3lBp3.sql.gz - 2026-06-09 11:13:10
 1 file changed, 0 insertions(+), 0 deletions(-)
Running: git push origin main
To github.com:mayankpatel1004/Database-Local-Daily-Backup.git
   59e0e4c..a218885  main -> main
Processing emyi76P7cY.sql.gz
Running: git add "emyi76P7cY.sql.gz"
Running: git commit -m "Auto backup: emyi76P7cY.sql.gz - 2026-06-09 11:13:18"
[main 3543f4b] Auto backup: emyi76P7cY.sql.gz - 2026-06-09 11:13:18
 1 file changed, 0 insertions(+), 0 deletions(-)
Running: git push origin main
To github.com:mayankpatel1004/Database-Local-Daily-Backup.git
   a218885..3543f4b  main -> main
Processing emyPCHWV2p.sql.gz
Running: git add "emyPCHWV2p.sql.gz"
Running: git commit -m "Auto backup: emyPCHWV2p.sql.gz - 2026-06-09 11:13:26"
[main 9f0a8ec] Auto backup: emyPCHWV2p.sql.gz - 2026-06-09 11:13:26
 1 file changed, 0 insertions(+), 0 deletions(-)
Running: git push origin main
To github.com:mayankpatel1004/Database-Local-Daily-Backup.git
   3543f4b..9f0a8ec  main -> main
Processing emzbVgZvwC.sql.gz
Running: git add "emzbVgZvwC.sql.gz"
Running: git commit -m "Auto backup: emzbVgZvwC.sql.gz - 2026-06-09 11:13:34"
[main 77ceda1] Auto backup: emzbVgZvwC.sql.gz - 2026-06-09 11:13:34
 1 file changed, 0 insertions(+), 0 deletions(-)
Running: git push origin main
To github.com:mayankpatel1004/Database-Local-Daily-Backup.git
   9f0a8ec..77ceda1  main -> main
Processing emzjrD63Wt.sql.gz
Running: git add "emzjrD63Wt.sql.gz"
Running: git commit -m "Auto backup: emzjrD63Wt.sql.gz - 2026-06-09 11:13:42"
[main 2036516] Auto backup: emzjrD63Wt.sql.gz - 2026-06-09 11:13:42
 1 file changed, 0 insertions(+), 0 deletions(-)
Running: git push origin main
To github.com:mayankpatel1004/Database-Local-Daily-Backup.git
   77ceda1..2036516  main -> main
Processing gloriousjournal_com.sql.gz
Running: git add "gloriousjournal_com.sql.gz"
Running: git commit -m "Auto backup: gloriousjournal_com.sql.gz - 2026-06-09 11:13:50"
[main dd794ca] Auto backup: gloriousjournal_com.sql.gz - 2026-06-09 11:13:50
 1 file changed, 0 insertions(+), 0 deletions(-)
Running: git push origin main
To github.com:mayankpatel1004/Database-Local-Daily-Backup.git
   2036516..dd794ca  main -> main
Processing nodejsframework.sql.gz
Running: git add "nodejsframework.sql.gz"
Running: git commit -m "Auto backup: nodejsframework.sql.gz - 2026-06-09 11:13:59"
[main 2024d65] Auto backup: nodejsframework.sql.gz - 2026-06-09 11:13:59
 1 file changed, 0 insertions(+), 0 deletions(-)
Running: git push origin main
To github.com:mayankpatel1004/Database-Local-Daily-Backup.git
   dd794ca..2024d65  main -> main
Processing serviceproreport.sql.gz
Running: git add "serviceproreport.sql.gz"
Running: git commit -m "Auto backup: serviceproreport.sql.gz - 2026-06-09 11:14:08"
[main eacb4d3] Auto backup: serviceproreport.sql.gz - 2026-06-09 11:14:08
 1 file changed, 0 insertions(+), 0 deletions(-)
Running: git push origin main
To github.com:mayankpatel1004/Database-Local-Daily-Backup.git
   2024d65..eacb4d3  main -> main
Processing servicepro.sql.gz
Running: git add "servicepro.sql.gz"
Running: git commit -m "Auto backup: servicepro.sql.gz - 2026-06-09 11:14:19"
[main 4febe1d] Auto backup: servicepro.sql.gz - 2026-06-09 11:14:19
 1 file changed, 0 insertions(+), 0 deletions(-)
Running: git push origin main
To github.com:mayankpatel1004/Database-Local-Daily-Backup.git
   eacb4d3..4febe1d  main -> main
Processing test.sql.gz
Running: git add "test.sql.gz"
Running: git commit -m "Auto backup: test.sql.gz - 2026-06-09 11:14:27"
[main 8b135c4] Auto backup: test.sql.gz - 2026-06-09 11:14:27
 1 file changed, 0 insertions(+), 0 deletions(-)
Running: git push origin main
To github.com:mayankpatel1004/Database-Local-Daily-Backup.git
   4febe1d..8b135c4  main -> main
Processing u797036281_cloudswiftsol.sql.gz
Running: git add "u797036281_cloudswiftsol.sql.gz"
Running: git commit -m "Auto backup: u797036281_cloudswiftsol.sql.gz - 2026-06-09 11:14:36"
[main f62a927] Auto backup: u797036281_cloudswiftsol.sql.gz - 2026-06-09 11:14:36
 1 file changed, 0 insertions(+), 0 deletions(-)
Running: git push origin main
To github.com:mayankpatel1004/Database-Local-Daily-Backup.git
   8b135c4..f62a927  main -> main
Completed at: Tuesday 09 June 2026 11:14:44 AM IST
============================
============================
Started at: Tuesday 09 June 2026 06:00:01 PM IST
Running: sh /home/mayankpatel104/OneDrive/config-file/mysql-daily-backup.sh
Backing up Demonstration...
Backing up em1P6pnnK2...
Backing up em1xu8Cpnc...
Backing up em2xgjUQfo...
Backing up em37ytN9AH...
Backing up em3CkBeVRl...
Backing up em3R2bvDIC...
Backing up em3VSSR7Yz...
Backing up em6qeR43bZ...
Backing up em7GXajUbd...
Backing up em7P4PKGJF...
Backing up em7dfg6a3p...
Backing up em8pRAlK0y...
Backing up emA0FNN3aq...
Backing up emAsWlggJB...
Backing up emCoPAk3qn...
Backing up emCpKr5AFc...
Backing up emDhiI7xxE...
Backing up emE0JkFO5q...
Backing up emEd5JknWJ...
Backing up emF0JJ2lqH...
Backing up emF3Gzodq8...
Backing up emFCb1petd...
Backing up emFJfwL1Zh...
Backing up emFrpcZyMf...
Backing up emGwDoBnbS...
Backing up emHMvJOCjW...
Backing up emICMyY5oX...
Backing up emIT2jlJ9j...
Backing up emIx0rjbZy...
Backing up emJcuMFp4P...
Backing up emKEtcvTZr...
Backing up emKIsPDSG5...
Backing up emKidC2zLM...
Backing up emLectY5DG...
Backing up emMp6vWKNz...
Backing up emMuWBMRsg...
Backing up emOCmk6WAq...
Backing up emOeITPnJZ...
Backing up emOwhcjrvU...
Backing up emPmEqXSNN...
Backing up emPo6mvAau...
Backing up emROKelLsC...
Backing up emSKgMbuV2...
Backing up emSe3gNvRk...
Backing up emSicfj9vx...
Backing up emTlCT6Ihy...
Backing up emVFRNjr2i...
Backing up emVfuLHAbM...
Backing up emWQsGRbg6...
Backing up emWUCTIJ9r...
Backing up emXKkwIGb6...
Backing up emYABuos0L...
Backing up emYFD3lBp3...
Backing up emandi_uat...
Backing up embeC5wGKh...
Backing up embuYeEAbY...
Backing up emcifuYvQj...
Backing up emdkNHF0E3...
Backing up emevFsJdEY...
Backing up emf8DX3CBx...
Backing up emfLAeTqV3...
Backing up emfyKYvV5P...
Backing up emgcLQHkVy...
Backing up emhLLi7twT...
Backing up emhaORxyKa...
Backing up emhe5QjQNU...
Backing up emj7CAqeQP...
Backing up emjQK5mDJH...
Backing up emkloRegHx...
Backing up emkowI7Wrq...
Backing up emlBYF672K...
Backing up emlT6TuyzN...
Backing up emm8qXIcUC...
Backing up emogLT5Hx9...
Backing up emonuBxcN6...
Backing up empf9u6Px7...
Backing up empp0EObF0...
Backing up emrQbu9y33...
Backing up emromYZrDj...
Backing up ems6VwY7m0...
Backing up emsQVaWmQI...
Backing up emu1xcTul1...
Backing up emxWBiwNDR...
Backing up emyEBsEsFY...
Backing up emyPCHWV2p...
Backing up emyi76P7cY...
Backing up emzbVgZvwC...
Backing up emzjrD63Wt...
Backing up gloriousjournal_com...
Backing up nodejsframework...
Backing up servicepro...
Backing up serviceproreport...
Backing up test...
Backing up u797036281_cloudswiftsol...
Waiting 10 Seconds...
Pushing files to GitHub one by one...
Processing backup_and_push.log
Running: git add "backup_and_push.log"
Running: git commit -m "Auto backup: backup_and_push.log - 2026-06-09 18:01:49"
[main 2b37248] Auto backup: backup_and_push.log - 2026-06-09 18:01:49
 1 file changed, 878 insertions(+)
Running: git push origin main
To github.com:mayankpatel1004/Database-Local-Daily-Backup.git
   f62a927..2b37248  main -> main
Processing backup.log
Running: git add "backup.log"
Running: git commit -m "Auto backup: backup.log - 2026-06-09 18:01:57"
[main aeeed9a] Auto backup: backup.log - 2026-06-09 18:01:57
 1 file changed, 1 insertion(+)
Running: git push origin main
To github.com:mayankpatel1004/Database-Local-Daily-Backup.git
   2b37248..aeeed9a  main -> main
Processing Demonstration.sql.gz
Running: git add "Demonstration.sql.gz"
Running: git commit -m "Auto backup: Demonstration.sql.gz - 2026-06-09 18:02:06"
[main 137f00a] Auto backup: Demonstration.sql.gz - 2026-06-09 18:02:06
 1 file changed, 0 insertions(+), 0 deletions(-)
Running: git push origin main
To github.com:mayankpatel1004/Database-Local-Daily-Backup.git
   aeeed9a..137f00a  main -> main
Processing em1P6pnnK2.sql.gz
Running: git add "em1P6pnnK2.sql.gz"
Running: git commit -m "Auto backup: em1P6pnnK2.sql.gz - 2026-06-09 18:02:15"
[main 1602317] Auto backup: em1P6pnnK2.sql.gz - 2026-06-09 18:02:15
 1 file changed, 0 insertions(+), 0 deletions(-)
Running: git push origin main
To github.com:mayankpatel1004/Database-Local-Daily-Backup.git
   137f00a..1602317  main -> main
Processing em1xu8Cpnc.sql.gz
Running: git add "em1xu8Cpnc.sql.gz"
Running: git commit -m "Auto backup: em1xu8Cpnc.sql.gz - 2026-06-09 18:02:24"
[main eb72abf] Auto backup: em1xu8Cpnc.sql.gz - 2026-06-09 18:02:24
 1 file changed, 0 insertions(+), 0 deletions(-)
Running: git push origin main
To github.com:mayankpatel1004/Database-Local-Daily-Backup.git
   1602317..eb72abf  main -> main
Processing em2xgjUQfo.sql.gz
Running: git add "em2xgjUQfo.sql.gz"
Running: git commit -m "Auto backup: em2xgjUQfo.sql.gz - 2026-06-09 18:02:32"
[main 21f6905] Auto backup: em2xgjUQfo.sql.gz - 2026-06-09 18:02:32
 1 file changed, 0 insertions(+), 0 deletions(-)
Running: git push origin main
To github.com:mayankpatel1004/Database-Local-Daily-Backup.git
   eb72abf..21f6905  main -> main
Processing em37ytN9AH.sql.gz
Running: git add "em37ytN9AH.sql.gz"
Running: git commit -m "Auto backup: em37ytN9AH.sql.gz - 2026-06-09 18:02:42"
[main 35c3e4d] Auto backup: em37ytN9AH.sql.gz - 2026-06-09 18:02:42
 1 file changed, 0 insertions(+), 0 deletions(-)
Running: git push origin main
To github.com:mayankpatel1004/Database-Local-Daily-Backup.git
   21f6905..35c3e4d  main -> main
Processing em3CkBeVRl.sql.gz
Running: git add "em3CkBeVRl.sql.gz"
Running: git commit -m "Auto backup: em3CkBeVRl.sql.gz - 2026-06-09 18:02:51"
[main a26f623] Auto backup: em3CkBeVRl.sql.gz - 2026-06-09 18:02:51
 1 file changed, 0 insertions(+), 0 deletions(-)
Running: git push origin main
To github.com:mayankpatel1004/Database-Local-Daily-Backup.git
   35c3e4d..a26f623  main -> main
Processing em3R2bvDIC.sql.gz
Running: git add "em3R2bvDIC.sql.gz"
Running: git commit -m "Auto backup: em3R2bvDIC.sql.gz - 2026-06-09 18:03:00"
[main 0929798] Auto backup: em3R2bvDIC.sql.gz - 2026-06-09 18:03:00
 1 file changed, 0 insertions(+), 0 deletions(-)
Running: git push origin main
To github.com:mayankpatel1004/Database-Local-Daily-Backup.git
   a26f623..0929798  main -> main
Processing em3VSSR7Yz.sql.gz
Running: git add "em3VSSR7Yz.sql.gz"
Running: git commit -m "Auto backup: em3VSSR7Yz.sql.gz - 2026-06-09 18:03:10"
[main 9b732c4] Auto backup: em3VSSR7Yz.sql.gz - 2026-06-09 18:03:10
 1 file changed, 0 insertions(+), 0 deletions(-)
Running: git push origin main
To github.com:mayankpatel1004/Database-Local-Daily-Backup.git
   0929798..9b732c4  main -> main
Processing em6qeR43bZ.sql.gz
Running: git add "em6qeR43bZ.sql.gz"
Running: git commit -m "Auto backup: em6qeR43bZ.sql.gz - 2026-06-09 18:03:19"
[main b5f1bb4] Auto backup: em6qeR43bZ.sql.gz - 2026-06-09 18:03:19
 1 file changed, 0 insertions(+), 0 deletions(-)
Running: git push origin main
To github.com:mayankpatel1004/Database-Local-Daily-Backup.git
   9b732c4..b5f1bb4  main -> main
Processing em7dfg6a3p.sql.gz
Running: git add "em7dfg6a3p.sql.gz"
Running: git commit -m "Auto backup: em7dfg6a3p.sql.gz - 2026-06-09 18:03:28"
[main 976b72e] Auto backup: em7dfg6a3p.sql.gz - 2026-06-09 18:03:28
 1 file changed, 0 insertions(+), 0 deletions(-)
Running: git push origin main
To github.com:mayankpatel1004/Database-Local-Daily-Backup.git
   b5f1bb4..976b72e  main -> main
Processing em7GXajUbd.sql.gz
Running: git add "em7GXajUbd.sql.gz"
Running: git commit -m "Auto backup: em7GXajUbd.sql.gz - 2026-06-09 18:03:42"
[main 02ac08a] Auto backup: em7GXajUbd.sql.gz - 2026-06-09 18:03:42
 1 file changed, 0 insertions(+), 0 deletions(-)
Running: git push origin main
To github.com:mayankpatel1004/Database-Local-Daily-Backup.git
   976b72e..02ac08a  main -> main
Processing em7P4PKGJF.sql.gz
Running: git add "em7P4PKGJF.sql.gz"
Running: git commit -m "Auto backup: em7P4PKGJF.sql.gz - 2026-06-09 18:03:51"
[main 6e8ef2b] Auto backup: em7P4PKGJF.sql.gz - 2026-06-09 18:03:51
 1 file changed, 0 insertions(+), 0 deletions(-)
Running: git push origin main
To github.com:mayankpatel1004/Database-Local-Daily-Backup.git
   02ac08a..6e8ef2b  main -> main
Processing em8pRAlK0y.sql.gz
Running: git add "em8pRAlK0y.sql.gz"
Running: git commit -m "Auto backup: em8pRAlK0y.sql.gz - 2026-06-09 18:04:00"
[main 71d802d] Auto backup: em8pRAlK0y.sql.gz - 2026-06-09 18:04:00
 1 file changed, 0 insertions(+), 0 deletions(-)
Running: git push origin main
To github.com:mayankpatel1004/Database-Local-Daily-Backup.git
   6e8ef2b..71d802d  main -> main
Processing emA0FNN3aq.sql.gz
Running: git add "emA0FNN3aq.sql.gz"
Running: git commit -m "Auto backup: emA0FNN3aq.sql.gz - 2026-06-09 18:04:34"
[main 3b0ff89] Auto backup: emA0FNN3aq.sql.gz - 2026-06-09 18:04:34
 1 file changed, 0 insertions(+), 0 deletions(-)
Running: git push origin main
To github.com:mayankpatel1004/Database-Local-Daily-Backup.git
   71d802d..3b0ff89  main -> main
Processing emandi_uat.sql.gz
Running: git add "emandi_uat.sql.gz"
Running: git commit -m "Auto backup: emandi_uat.sql.gz - 2026-06-09 18:05:00"
[main 13b00d0] Auto backup: emandi_uat.sql.gz - 2026-06-09 18:05:00
 1 file changed, 0 insertions(+), 0 deletions(-)
Running: git push origin main
To github.com:mayankpatel1004/Database-Local-Daily-Backup.git
   3b0ff89..13b00d0  main -> main
Processing emAsWlggJB.sql.gz
Running: git add "emAsWlggJB.sql.gz"
Running: git commit -m "Auto backup: emAsWlggJB.sql.gz - 2026-06-09 18:05:10"
[main e2352e2] Auto backup: emAsWlggJB.sql.gz - 2026-06-09 18:05:10
 1 file changed, 0 insertions(+), 0 deletions(-)
Running: git push origin main
To github.com:mayankpatel1004/Database-Local-Daily-Backup.git
   13b00d0..e2352e2  main -> main
Processing embeC5wGKh.sql.gz
Running: git add "embeC5wGKh.sql.gz"
Running: git commit -m "Auto backup: embeC5wGKh.sql.gz - 2026-06-09 18:05:19"
[main fb631fc] Auto backup: embeC5wGKh.sql.gz - 2026-06-09 18:05:19
 1 file changed, 0 insertions(+), 0 deletions(-)
Running: git push origin main
To github.com:mayankpatel1004/Database-Local-Daily-Backup.git
   e2352e2..fb631fc  main -> main
Processing embuYeEAbY.sql.gz
Running: git add "embuYeEAbY.sql.gz"
Running: git commit -m "Auto backup: embuYeEAbY.sql.gz - 2026-06-09 18:05:30"
[main a4ab683] Auto backup: embuYeEAbY.sql.gz - 2026-06-09 18:05:30
 1 file changed, 0 insertions(+), 0 deletions(-)
Running: git push origin main
To github.com:mayankpatel1004/Database-Local-Daily-Backup.git
   fb631fc..a4ab683  main -> main
Processing emcifuYvQj.sql.gz
Running: git add "emcifuYvQj.sql.gz"
Running: git commit -m "Auto backup: emcifuYvQj.sql.gz - 2026-06-09 18:05:39"
[main c1be259] Auto backup: emcifuYvQj.sql.gz - 2026-06-09 18:05:39
 1 file changed, 0 insertions(+), 0 deletions(-)
Running: git push origin main
To github.com:mayankpatel1004/Database-Local-Daily-Backup.git
   a4ab683..c1be259  main -> main
Processing emCoPAk3qn.sql.gz
Running: git add "emCoPAk3qn.sql.gz"
Running: git commit -m "Auto backup: emCoPAk3qn.sql.gz - 2026-06-09 18:05:51"
[main 5fbcdc5] Auto backup: emCoPAk3qn.sql.gz - 2026-06-09 18:05:51
 1 file changed, 0 insertions(+), 0 deletions(-)
Running: git push origin main
To github.com:mayankpatel1004/Database-Local-Daily-Backup.git
   c1be259..5fbcdc5  main -> main
Processing emCpKr5AFc.sql.gz
Running: git add "emCpKr5AFc.sql.gz"
Running: git commit -m "Auto backup: emCpKr5AFc.sql.gz - 2026-06-09 18:06:06"
[main 8fe25b4] Auto backup: emCpKr5AFc.sql.gz - 2026-06-09 18:06:06
 1 file changed, 0 insertions(+), 0 deletions(-)
Running: git push origin main
To github.com:mayankpatel1004/Database-Local-Daily-Backup.git
   5fbcdc5..8fe25b4  main -> main
Processing emDhiI7xxE.sql.gz
Running: git add "emDhiI7xxE.sql.gz"
Running: git commit -m "Auto backup: emDhiI7xxE.sql.gz - 2026-06-09 18:06:18"
[main b00951d] Auto backup: emDhiI7xxE.sql.gz - 2026-06-09 18:06:18
 1 file changed, 0 insertions(+), 0 deletions(-)
Running: git push origin main
To github.com:mayankpatel1004/Database-Local-Daily-Backup.git
   8fe25b4..b00951d  main -> main
Processing emdkNHF0E3.sql.gz
Running: git add "emdkNHF0E3.sql.gz"
Running: git commit -m "Auto backup: emdkNHF0E3.sql.gz - 2026-06-09 18:06:26"
[main ba0a87b] Auto backup: emdkNHF0E3.sql.gz - 2026-06-09 18:06:26
 1 file changed, 0 insertions(+), 0 deletions(-)
Running: git push origin main
To github.com:mayankpatel1004/Database-Local-Daily-Backup.git
   b00951d..ba0a87b  main -> main
Processing emE0JkFO5q.sql.gz
Running: git add "emE0JkFO5q.sql.gz"
Running: git commit -m "Auto backup: emE0JkFO5q.sql.gz - 2026-06-09 18:06:36"
[main eccd7f8] Auto backup: emE0JkFO5q.sql.gz - 2026-06-09 18:06:36
 1 file changed, 0 insertions(+), 0 deletions(-)
Running: git push origin main
To github.com:mayankpatel1004/Database-Local-Daily-Backup.git
   ba0a87b..eccd7f8  main -> main
Processing emEd5JknWJ.sql.gz
Running: git add "emEd5JknWJ.sql.gz"
Running: git commit -m "Auto backup: emEd5JknWJ.sql.gz - 2026-06-09 18:06:45"
[main e2906d2] Auto backup: emEd5JknWJ.sql.gz - 2026-06-09 18:06:45
 1 file changed, 0 insertions(+), 0 deletions(-)
Running: git push origin main
To github.com:mayankpatel1004/Database-Local-Daily-Backup.git
   eccd7f8..e2906d2  main -> main
Processing emevFsJdEY.sql.gz
Running: git add "emevFsJdEY.sql.gz"
Running: git commit -m "Auto backup: emevFsJdEY.sql.gz - 2026-06-09 18:07:02"
[main ef781b4] Auto backup: emevFsJdEY.sql.gz - 2026-06-09 18:07:02
 1 file changed, 0 insertions(+), 0 deletions(-)
Running: git push origin main
To github.com:mayankpatel1004/Database-Local-Daily-Backup.git
   e2906d2..ef781b4  main -> main
Processing emF0JJ2lqH.sql.gz
Running: git add "emF0JJ2lqH.sql.gz"
Running: git commit -m "Auto backup: emF0JJ2lqH.sql.gz - 2026-06-09 18:07:11"
[main 929922a] Auto backup: emF0JJ2lqH.sql.gz - 2026-06-09 18:07:11
 1 file changed, 0 insertions(+), 0 deletions(-)
Running: git push origin main
To github.com:mayankpatel1004/Database-Local-Daily-Backup.git
   ef781b4..929922a  main -> main
Processing emF3Gzodq8.sql.gz
Running: git add "emF3Gzodq8.sql.gz"
Running: git commit -m "Auto backup: emF3Gzodq8.sql.gz - 2026-06-09 18:07:20"
[main d2d0ab9] Auto backup: emF3Gzodq8.sql.gz - 2026-06-09 18:07:20
 1 file changed, 0 insertions(+), 0 deletions(-)
Running: git push origin main
To github.com:mayankpatel1004/Database-Local-Daily-Backup.git
   929922a..d2d0ab9  main -> main
Processing emf8DX3CBx.sql.gz
Running: git add "emf8DX3CBx.sql.gz"
Running: git commit -m "Auto backup: emf8DX3CBx.sql.gz - 2026-06-09 18:07:29"
[main 1de1ce4] Auto backup: emf8DX3CBx.sql.gz - 2026-06-09 18:07:29
 1 file changed, 0 insertions(+), 0 deletions(-)
Running: git push origin main
To github.com:mayankpatel1004/Database-Local-Daily-Backup.git
   d2d0ab9..1de1ce4  main -> main
Processing emFCb1petd.sql.gz
Running: git add "emFCb1petd.sql.gz"
Running: git commit -m "Auto backup: emFCb1petd.sql.gz - 2026-06-09 18:07:38"
[main 37b8c23] Auto backup: emFCb1petd.sql.gz - 2026-06-09 18:07:38
 1 file changed, 0 insertions(+), 0 deletions(-)
Running: git push origin main
To github.com:mayankpatel1004/Database-Local-Daily-Backup.git
   1de1ce4..37b8c23  main -> main
Processing emFJfwL1Zh.sql.gz
Running: git add "emFJfwL1Zh.sql.gz"
Running: git commit -m "Auto backup: emFJfwL1Zh.sql.gz - 2026-06-09 18:07:47"
[main 9062114] Auto backup: emFJfwL1Zh.sql.gz - 2026-06-09 18:07:47
 1 file changed, 0 insertions(+), 0 deletions(-)
Running: git push origin main
To github.com:mayankpatel1004/Database-Local-Daily-Backup.git
   37b8c23..9062114  main -> main
Processing emfLAeTqV3.sql.gz
Running: git add "emfLAeTqV3.sql.gz"
Running: git commit -m "Auto backup: emfLAeTqV3.sql.gz - 2026-06-09 18:07:57"
[main f7cf546] Auto backup: emfLAeTqV3.sql.gz - 2026-06-09 18:07:57
 1 file changed, 0 insertions(+), 0 deletions(-)
Running: git push origin main
To github.com:mayankpatel1004/Database-Local-Daily-Backup.git
   9062114..f7cf546  main -> main
Processing emFrpcZyMf.sql.gz
Running: git add "emFrpcZyMf.sql.gz"
Running: git commit -m "Auto backup: emFrpcZyMf.sql.gz - 2026-06-09 18:08:06"
[main 3375ce0] Auto backup: emFrpcZyMf.sql.gz - 2026-06-09 18:08:06
 1 file changed, 0 insertions(+), 0 deletions(-)
Running: git push origin main
To github.com:mayankpatel1004/Database-Local-Daily-Backup.git
   f7cf546..3375ce0  main -> main
Processing emfyKYvV5P.sql.gz
Running: git add "emfyKYvV5P.sql.gz"
Running: git commit -m "Auto backup: emfyKYvV5P.sql.gz - 2026-06-09 18:08:16"
[main 3b809ed] Auto backup: emfyKYvV5P.sql.gz - 2026-06-09 18:08:16
 1 file changed, 0 insertions(+), 0 deletions(-)
Running: git push origin main
To github.com:mayankpatel1004/Database-Local-Daily-Backup.git
   3375ce0..3b809ed  main -> main
Processing emgcLQHkVy.sql.gz
Running: git add "emgcLQHkVy.sql.gz"
Running: git commit -m "Auto backup: emgcLQHkVy.sql.gz - 2026-06-09 18:08:26"
[main e705b44] Auto backup: emgcLQHkVy.sql.gz - 2026-06-09 18:08:26
 1 file changed, 0 insertions(+), 0 deletions(-)
Running: git push origin main
To github.com:mayankpatel1004/Database-Local-Daily-Backup.git
   3b809ed..e705b44  main -> main
Processing emGwDoBnbS.sql.gz
Running: git add "emGwDoBnbS.sql.gz"
Running: git commit -m "Auto backup: emGwDoBnbS.sql.gz - 2026-06-09 18:08:35"
[main fd7c748] Auto backup: emGwDoBnbS.sql.gz - 2026-06-09 18:08:35
 1 file changed, 0 insertions(+), 0 deletions(-)
Running: git push origin main
To github.com:mayankpatel1004/Database-Local-Daily-Backup.git
   e705b44..fd7c748  main -> main
Processing emhaORxyKa.sql.gz
Running: git add "emhaORxyKa.sql.gz"
Running: git commit -m "Auto backup: emhaORxyKa.sql.gz - 2026-06-09 18:08:51"
[main d144e17] Auto backup: emhaORxyKa.sql.gz - 2026-06-09 18:08:51
 1 file changed, 0 insertions(+), 0 deletions(-)
Running: git push origin main
To github.com:mayankpatel1004/Database-Local-Daily-Backup.git
   fd7c748..d144e17  main -> main
Processing emhe5QjQNU.sql.gz
Running: git add "emhe5QjQNU.sql.gz"
Running: git commit -m "Auto backup: emhe5QjQNU.sql.gz - 2026-06-09 18:08:59"
[main 0d542a0] Auto backup: emhe5QjQNU.sql.gz - 2026-06-09 18:08:59
 1 file changed, 0 insertions(+), 0 deletions(-)
Running: git push origin main
To github.com:mayankpatel1004/Database-Local-Daily-Backup.git
   d144e17..0d542a0  main -> main
Processing emhLLi7twT.sql.gz
Running: git add "emhLLi7twT.sql.gz"
Running: git commit -m "Auto backup: emhLLi7twT.sql.gz - 2026-06-09 18:09:08"
[main 8525bd6] Auto backup: emhLLi7twT.sql.gz - 2026-06-09 18:09:08
 1 file changed, 0 insertions(+), 0 deletions(-)
Running: git push origin main
To github.com:mayankpatel1004/Database-Local-Daily-Backup.git
   0d542a0..8525bd6  main -> main
Processing emHMvJOCjW.sql.gz
Running: git add "emHMvJOCjW.sql.gz"
Running: git commit -m "Auto backup: emHMvJOCjW.sql.gz - 2026-06-09 18:09:18"
[main 841f8da] Auto backup: emHMvJOCjW.sql.gz - 2026-06-09 18:09:18
 1 file changed, 0 insertions(+), 0 deletions(-)
Running: git push origin main
To github.com:mayankpatel1004/Database-Local-Daily-Backup.git
   8525bd6..841f8da  main -> main
Processing emICMyY5oX.sql.gz
Running: git add "emICMyY5oX.sql.gz"
Running: git commit -m "Auto backup: emICMyY5oX.sql.gz - 2026-06-09 18:09:29"
[main 3325c16] Auto backup: emICMyY5oX.sql.gz - 2026-06-09 18:09:29
 1 file changed, 0 insertions(+), 0 deletions(-)
Running: git push origin main
To github.com:mayankpatel1004/Database-Local-Daily-Backup.git
   841f8da..3325c16  main -> main
Processing emIT2jlJ9j.sql.gz
Running: git add "emIT2jlJ9j.sql.gz"
Running: git commit -m "Auto backup: emIT2jlJ9j.sql.gz - 2026-06-09 18:09:40"
[main 7c9d915] Auto backup: emIT2jlJ9j.sql.gz - 2026-06-09 18:09:40
 1 file changed, 0 insertions(+), 0 deletions(-)
Running: git push origin main
To github.com:mayankpatel1004/Database-Local-Daily-Backup.git
   3325c16..7c9d915  main -> main
Processing emIx0rjbZy.sql.gz
Running: git add "emIx0rjbZy.sql.gz"
Running: git commit -m "Auto backup: emIx0rjbZy.sql.gz - 2026-06-09 18:09:50"
[main 419a4ab] Auto backup: emIx0rjbZy.sql.gz - 2026-06-09 18:09:50
 1 file changed, 0 insertions(+), 0 deletions(-)
Running: git push origin main
To github.com:mayankpatel1004/Database-Local-Daily-Backup.git
   7c9d915..419a4ab  main -> main
Processing emj7CAqeQP.sql.gz
Running: git add "emj7CAqeQP.sql.gz"
Running: git commit -m "Auto backup: emj7CAqeQP.sql.gz - 2026-06-09 18:10:01"
[main 168ac34] Auto backup: emj7CAqeQP.sql.gz - 2026-06-09 18:10:01
 1 file changed, 0 insertions(+), 0 deletions(-)
Running: git push origin main
To github.com:mayankpatel1004/Database-Local-Daily-Backup.git
   419a4ab..168ac34  main -> main
Processing emJcuMFp4P.sql.gz
Running: git add "emJcuMFp4P.sql.gz"
Running: git commit -m "Auto backup: emJcuMFp4P.sql.gz - 2026-06-09 18:10:11"
[main 4fa170c] Auto backup: emJcuMFp4P.sql.gz - 2026-06-09 18:10:11
 1 file changed, 0 insertions(+), 0 deletions(-)
Running: git push origin main
To github.com:mayankpatel1004/Database-Local-Daily-Backup.git
   168ac34..4fa170c  main -> main
Processing emjQK5mDJH.sql.gz
Running: git add "emjQK5mDJH.sql.gz"
Running: git commit -m "Auto backup: emjQK5mDJH.sql.gz - 2026-06-09 18:10:21"
[main bc09584] Auto backup: emjQK5mDJH.sql.gz - 2026-06-09 18:10:21
 1 file changed, 0 insertions(+), 0 deletions(-)
Running: git push origin main
To github.com:mayankpatel1004/Database-Local-Daily-Backup.git
   4fa170c..bc09584  main -> main
Processing emKEtcvTZr.sql.gz
Running: git add "emKEtcvTZr.sql.gz"
Running: git commit -m "Auto backup: emKEtcvTZr.sql.gz - 2026-06-09 18:10:30"
[main f7eb91b] Auto backup: emKEtcvTZr.sql.gz - 2026-06-09 18:10:30
 1 file changed, 0 insertions(+), 0 deletions(-)
Running: git push origin main
To github.com:mayankpatel1004/Database-Local-Daily-Backup.git
   bc09584..f7eb91b  main -> main
Processing emKidC2zLM.sql.gz
Running: git add "emKidC2zLM.sql.gz"
Running: git commit -m "Auto backup: emKidC2zLM.sql.gz - 2026-06-09 18:10:39"
[main bafce1b] Auto backup: emKidC2zLM.sql.gz - 2026-06-09 18:10:39
 1 file changed, 0 insertions(+), 0 deletions(-)
Running: git push origin main
To github.com:mayankpatel1004/Database-Local-Daily-Backup.git
   f7eb91b..bafce1b  main -> main
Processing emKIsPDSG5.sql.gz
Running: git add "emKIsPDSG5.sql.gz"
Running: git commit -m "Auto backup: emKIsPDSG5.sql.gz - 2026-06-09 18:10:48"
[main 410cada] Auto backup: emKIsPDSG5.sql.gz - 2026-06-09 18:10:48
 1 file changed, 0 insertions(+), 0 deletions(-)
Running: git push origin main
To github.com:mayankpatel1004/Database-Local-Daily-Backup.git
   bafce1b..410cada  main -> main
Processing emkloRegHx.sql.gz
Running: git add "emkloRegHx.sql.gz"
Running: git commit -m "Auto backup: emkloRegHx.sql.gz - 2026-06-09 18:10:57"
[main c2c6ed3] Auto backup: emkloRegHx.sql.gz - 2026-06-09 18:10:57
 1 file changed, 0 insertions(+), 0 deletions(-)
Running: git push origin main
To github.com:mayankpatel1004/Database-Local-Daily-Backup.git
   410cada..c2c6ed3  main -> main
Processing emkowI7Wrq.sql.gz
Running: git add "emkowI7Wrq.sql.gz"
Running: git commit -m "Auto backup: emkowI7Wrq.sql.gz - 2026-06-09 18:11:06"
[main ea5ae86] Auto backup: emkowI7Wrq.sql.gz - 2026-06-09 18:11:06
 1 file changed, 0 insertions(+), 0 deletions(-)
Running: git push origin main
To github.com:mayankpatel1004/Database-Local-Daily-Backup.git
   c2c6ed3..ea5ae86  main -> main
Processing emlBYF672K.sql.gz
Running: git add "emlBYF672K.sql.gz"
Running: git commit -m "Auto backup: emlBYF672K.sql.gz - 2026-06-09 18:11:15"
[main 215d199] Auto backup: emlBYF672K.sql.gz - 2026-06-09 18:11:15
 1 file changed, 0 insertions(+), 0 deletions(-)
Running: git push origin main
To github.com:mayankpatel1004/Database-Local-Daily-Backup.git
   ea5ae86..215d199  main -> main
Processing emLectY5DG.sql.gz
Running: git add "emLectY5DG.sql.gz"
Running: git commit -m "Auto backup: emLectY5DG.sql.gz - 2026-06-09 18:11:24"
[main bc12b9c] Auto backup: emLectY5DG.sql.gz - 2026-06-09 18:11:24
 1 file changed, 0 insertions(+), 0 deletions(-)
Running: git push origin main
To github.com:mayankpatel1004/Database-Local-Daily-Backup.git
   215d199..bc12b9c  main -> main
Processing emlT6TuyzN.sql.gz
Running: git add "emlT6TuyzN.sql.gz"
Running: git commit -m "Auto backup: emlT6TuyzN.sql.gz - 2026-06-09 18:11:36"
[main 2df5b6e] Auto backup: emlT6TuyzN.sql.gz - 2026-06-09 18:11:36
 1 file changed, 0 insertions(+), 0 deletions(-)
Running: git push origin main
To github.com:mayankpatel1004/Database-Local-Daily-Backup.git
   bc12b9c..2df5b6e  main -> main
Processing emm8qXIcUC.sql.gz
Running: git add "emm8qXIcUC.sql.gz"
Running: git commit -m "Auto backup: emm8qXIcUC.sql.gz - 2026-06-09 18:11:47"
[main 9a5e434] Auto backup: emm8qXIcUC.sql.gz - 2026-06-09 18:11:47
 1 file changed, 0 insertions(+), 0 deletions(-)
Running: git push origin main
To github.com:mayankpatel1004/Database-Local-Daily-Backup.git
   2df5b6e..9a5e434  main -> main
Processing emMp6vWKNz.sql.gz
Running: git add "emMp6vWKNz.sql.gz"
Running: git commit -m "Auto backup: emMp6vWKNz.sql.gz - 2026-06-09 18:11:56"
[main f84032f] Auto backup: emMp6vWKNz.sql.gz - 2026-06-09 18:11:56
 1 file changed, 0 insertions(+), 0 deletions(-)
Running: git push origin main
To github.com:mayankpatel1004/Database-Local-Daily-Backup.git
   9a5e434..f84032f  main -> main
Processing emMuWBMRsg.sql.gz
Running: git add "emMuWBMRsg.sql.gz"
Running: git commit -m "Auto backup: emMuWBMRsg.sql.gz - 2026-06-09 18:12:07"
[main 396a427] Auto backup: emMuWBMRsg.sql.gz - 2026-06-09 18:12:07
 1 file changed, 0 insertions(+), 0 deletions(-)
Running: git push origin main
To github.com:mayankpatel1004/Database-Local-Daily-Backup.git
   f84032f..396a427  main -> main
Processing emOCmk6WAq.sql.gz
Running: git add "emOCmk6WAq.sql.gz"
Running: git commit -m "Auto backup: emOCmk6WAq.sql.gz - 2026-06-09 18:12:16"
[main e2c5c9b] Auto backup: emOCmk6WAq.sql.gz - 2026-06-09 18:12:16
 1 file changed, 0 insertions(+), 0 deletions(-)
Running: git push origin main
To github.com:mayankpatel1004/Database-Local-Daily-Backup.git
   396a427..e2c5c9b  main -> main
Processing emOeITPnJZ.sql.gz
Running: git add "emOeITPnJZ.sql.gz"
Running: git commit -m "Auto backup: emOeITPnJZ.sql.gz - 2026-06-09 18:12:25"
[main a8edd51] Auto backup: emOeITPnJZ.sql.gz - 2026-06-09 18:12:25
 1 file changed, 0 insertions(+), 0 deletions(-)
Running: git push origin main
To github.com:mayankpatel1004/Database-Local-Daily-Backup.git
   e2c5c9b..a8edd51  main -> main
Processing emogLT5Hx9.sql.gz
Running: git add "emogLT5Hx9.sql.gz"
Running: git commit -m "Auto backup: emogLT5Hx9.sql.gz - 2026-06-09 18:12:36"
[main b85c441] Auto backup: emogLT5Hx9.sql.gz - 2026-06-09 18:12:36
 1 file changed, 0 insertions(+), 0 deletions(-)
Running: git push origin main
To github.com:mayankpatel1004/Database-Local-Daily-Backup.git
   a8edd51..b85c441  main -> main
Processing emonuBxcN6.sql.gz
Running: git add "emonuBxcN6.sql.gz"
Running: git commit -m "Auto backup: emonuBxcN6.sql.gz - 2026-06-09 18:12:51"
[main 29a73db] Auto backup: emonuBxcN6.sql.gz - 2026-06-09 18:12:51
 1 file changed, 0 insertions(+), 0 deletions(-)
Running: git push origin main
To github.com:mayankpatel1004/Database-Local-Daily-Backup.git
   b85c441..29a73db  main -> main
Processing emOwhcjrvU.sql.gz
Running: git add "emOwhcjrvU.sql.gz"
Running: git commit -m "Auto backup: emOwhcjrvU.sql.gz - 2026-06-09 18:13:01"
[main 3277c6f] Auto backup: emOwhcjrvU.sql.gz - 2026-06-09 18:13:01
 1 file changed, 0 insertions(+), 0 deletions(-)
Running: git push origin main
To github.com:mayankpatel1004/Database-Local-Daily-Backup.git
   29a73db..3277c6f  main -> main
Processing empf9u6Px7.sql.gz
Running: git add "empf9u6Px7.sql.gz"
Running: git commit -m "Auto backup: empf9u6Px7.sql.gz - 2026-06-09 18:13:12"
[main a9ba608] Auto backup: empf9u6Px7.sql.gz - 2026-06-09 18:13:12
 1 file changed, 0 insertions(+), 0 deletions(-)
Running: git push origin main
To github.com:mayankpatel1004/Database-Local-Daily-Backup.git
   3277c6f..a9ba608  main -> main
Processing emPmEqXSNN.sql.gz
Running: git add "emPmEqXSNN.sql.gz"
Running: git commit -m "Auto backup: emPmEqXSNN.sql.gz - 2026-06-09 18:13:22"
[main cadc14c] Auto backup: emPmEqXSNN.sql.gz - 2026-06-09 18:13:22
 1 file changed, 0 insertions(+), 0 deletions(-)
Running: git push origin main
To github.com:mayankpatel1004/Database-Local-Daily-Backup.git
   a9ba608..cadc14c  main -> main
Processing emPo6mvAau.sql.gz
Running: git add "emPo6mvAau.sql.gz"
Running: git commit -m "Auto backup: emPo6mvAau.sql.gz - 2026-06-09 18:13:31"
[main 814ef23] Auto backup: emPo6mvAau.sql.gz - 2026-06-09 18:13:31
 1 file changed, 0 insertions(+), 0 deletions(-)
Running: git push origin main
To github.com:mayankpatel1004/Database-Local-Daily-Backup.git
   cadc14c..814ef23  main -> main
Processing empp0EObF0.sql.gz
Running: git add "empp0EObF0.sql.gz"
Running: git commit -m "Auto backup: empp0EObF0.sql.gz - 2026-06-09 18:13:39"
[main c40edfa] Auto backup: empp0EObF0.sql.gz - 2026-06-09 18:13:39
 1 file changed, 0 insertions(+), 0 deletions(-)
Running: git push origin main
============================
Started at: Wednesday 10 June 2026 11:00:01 AM IST
Running: sh /home/mayankpatel104/OneDrive/config-file/mysql-daily-backup.sh
Backing up Demonstration...
Backing up em1P6pnnK2...
Backing up em1xu8Cpnc...
Backing up em2xgjUQfo...
Backing up em37ytN9AH...
Backing up em3CkBeVRl...
Backing up em3R2bvDIC...
Backing up em3VSSR7Yz...
Backing up em6qeR43bZ...
Backing up em7GXajUbd...
Backing up em7P4PKGJF...
Backing up em7dfg6a3p...
Backing up em8pRAlK0y...
Backing up emA0FNN3aq...
Backing up emAsWlggJB...
Backing up emCoPAk3qn...
Backing up emCpKr5AFc...
Backing up emDhiI7xxE...
Backing up emE0JkFO5q...
Backing up emEd5JknWJ...
Backing up emF0JJ2lqH...
Backing up emF3Gzodq8...
Backing up emFCb1petd...
Backing up emFJfwL1Zh...
Backing up emFrpcZyMf...
Backing up emGwDoBnbS...
Backing up emHMvJOCjW...
Backing up emICMyY5oX...
Backing up emIT2jlJ9j...
Backing up emIx0rjbZy...
Backing up emJcuMFp4P...
Backing up emKEtcvTZr...
Backing up emKIsPDSG5...
Backing up emKidC2zLM...
Backing up emLectY5DG...
Backing up emMp6vWKNz...
Backing up emMuWBMRsg...
Backing up emOCmk6WAq...
Backing up emOeITPnJZ...
Backing up emOwhcjrvU...
Backing up emPmEqXSNN...
Backing up emPo6mvAau...
Backing up emROKelLsC...
Backing up emSKgMbuV2...
Backing up emSe3gNvRk...
Backing up emSicfj9vx...
Backing up emTlCT6Ihy...
Backing up emVFRNjr2i...
Backing up emVfuLHAbM...
Backing up emWQsGRbg6...
Backing up emWUCTIJ9r...
Backing up emXKkwIGb6...
Backing up emYABuos0L...
Backing up emYFD3lBp3...
Backing up emandi_uat...
Backing up embeC5wGKh...
Backing up embuYeEAbY...
Backing up emcifuYvQj...
Backing up emdkNHF0E3...
Backing up emevFsJdEY...
Backing up emf8DX3CBx...
Backing up emfLAeTqV3...
Backing up emfyKYvV5P...
Backing up emgcLQHkVy...
Backing up emhLLi7twT...
Backing up emhaORxyKa...
Backing up emhe5QjQNU...
Backing up emj7CAqeQP...
Backing up emjQK5mDJH...
Backing up emkloRegHx...
Backing up emkowI7Wrq...
Backing up emlBYF672K...
Backing up emlT6TuyzN...
Backing up emm8qXIcUC...
Backing up emogLT5Hx9...
Backing up emonuBxcN6...
Backing up empf9u6Px7...
Backing up empp0EObF0...
Backing up emrQbu9y33...
Backing up emromYZrDj...
Backing up ems6VwY7m0...
Backing up emsQVaWmQI...
Backing up emu1xcTul1...
Backing up emxWBiwNDR...
Backing up emyEBsEsFY...
Backing up emyPCHWV2p...
Backing up emyi76P7cY...
Backing up emzbVgZvwC...
Backing up emzjrD63Wt...
Backing up gloriousjournal_com...
Backing up nodejsframework...
Backing up servicepro...
Backing up serviceproreport...
Backing up test...
Backing up u797036281_cloudswiftsol...
Waiting 10 Seconds...
Pushing files to GitHub one by one...
Processing backup_and_push.log
Running: git add "backup_and_push.log"
Running: git commit -m "Auto backup: backup_and_push.log - 2026-06-10 11:01:28"
[main a02510c] Auto backup: backup_and_push.log - 2026-06-10 11:01:28
 1 file changed, 642 insertions(+)
Running: git push origin main
To github.com:mayankpatel1004/Database-Local-Daily-Backup.git
   814ef23..a02510c  main -> main
Processing backup.log
Running: git add "backup.log"
Running: git commit -m "Auto backup: backup.log - 2026-06-10 11:01:37"
[main 22c892b] Auto backup: backup.log - 2026-06-10 11:01:37
 1 file changed, 1 insertion(+)
Running: git push origin main
To github.com:mayankpatel1004/Database-Local-Daily-Backup.git
   a02510c..22c892b  main -> main
Processing Demonstration.sql.gz
Running: git add "Demonstration.sql.gz"
Running: git commit -m "Auto backup: Demonstration.sql.gz - 2026-06-10 11:01:46"
[main 3bc0081] Auto backup: Demonstration.sql.gz - 2026-06-10 11:01:46
 1 file changed, 0 insertions(+), 0 deletions(-)
Running: git push origin main
To github.com:mayankpatel1004/Database-Local-Daily-Backup.git
   22c892b..3bc0081  main -> main
Processing em1P6pnnK2.sql.gz
Running: git add "em1P6pnnK2.sql.gz"
Running: git commit -m "Auto backup: em1P6pnnK2.sql.gz - 2026-06-10 11:01:55"
[main 8a9feb0] Auto backup: em1P6pnnK2.sql.gz - 2026-06-10 11:01:55
 1 file changed, 0 insertions(+), 0 deletions(-)
Running: git push origin main
To github.com:mayankpatel1004/Database-Local-Daily-Backup.git
   3bc0081..8a9feb0  main -> main
Processing em1xu8Cpnc.sql.gz
Running: git add "em1xu8Cpnc.sql.gz"
Running: git commit -m "Auto backup: em1xu8Cpnc.sql.gz - 2026-06-10 11:02:04"
[main 6585801] Auto backup: em1xu8Cpnc.sql.gz - 2026-06-10 11:02:04
 1 file changed, 0 insertions(+), 0 deletions(-)
Running: git push origin main
To github.com:mayankpatel1004/Database-Local-Daily-Backup.git
   8a9feb0..6585801  main -> main
Processing em2xgjUQfo.sql.gz
Running: git add "em2xgjUQfo.sql.gz"
Running: git commit -m "Auto backup: em2xgjUQfo.sql.gz - 2026-06-10 11:02:13"
[main 759c5f0] Auto backup: em2xgjUQfo.sql.gz - 2026-06-10 11:02:13
 1 file changed, 0 insertions(+), 0 deletions(-)
Running: git push origin main
To github.com:mayankpatel1004/Database-Local-Daily-Backup.git
   6585801..759c5f0  main -> main
Processing em37ytN9AH.sql.gz
Running: git add "em37ytN9AH.sql.gz"
Running: git commit -m "Auto backup: em37ytN9AH.sql.gz - 2026-06-10 11:02:22"
[main 4389368] Auto backup: em37ytN9AH.sql.gz - 2026-06-10 11:02:22
 1 file changed, 0 insertions(+), 0 deletions(-)
Running: git push origin main
To github.com:mayankpatel1004/Database-Local-Daily-Backup.git
   759c5f0..4389368  main -> main
Processing em3CkBeVRl.sql.gz
Running: git add "em3CkBeVRl.sql.gz"
Running: git commit -m "Auto backup: em3CkBeVRl.sql.gz - 2026-06-10 11:02:31"
[main f8b9dc6] Auto backup: em3CkBeVRl.sql.gz - 2026-06-10 11:02:31
 1 file changed, 0 insertions(+), 0 deletions(-)
Running: git push origin main
To github.com:mayankpatel1004/Database-Local-Daily-Backup.git
   4389368..f8b9dc6  main -> main
Processing em3R2bvDIC.sql.gz
Running: git add "em3R2bvDIC.sql.gz"
Running: git commit -m "Auto backup: em3R2bvDIC.sql.gz - 2026-06-10 11:02:40"
[main 954afb5] Auto backup: em3R2bvDIC.sql.gz - 2026-06-10 11:02:40
 1 file changed, 0 insertions(+), 0 deletions(-)
Running: git push origin main
To github.com:mayankpatel1004/Database-Local-Daily-Backup.git
   f8b9dc6..954afb5  main -> main
Processing em3VSSR7Yz.sql.gz
Running: git add "em3VSSR7Yz.sql.gz"
Running: git commit -m "Auto backup: em3VSSR7Yz.sql.gz - 2026-06-10 11:02:49"
[main 69fd200] Auto backup: em3VSSR7Yz.sql.gz - 2026-06-10 11:02:49
 1 file changed, 0 insertions(+), 0 deletions(-)
Running: git push origin main
To github.com:mayankpatel1004/Database-Local-Daily-Backup.git
   954afb5..69fd200  main -> main
Processing em6qeR43bZ.sql.gz
Running: git add "em6qeR43bZ.sql.gz"
Running: git commit -m "Auto backup: em6qeR43bZ.sql.gz - 2026-06-10 11:02:58"
[main 80c9563] Auto backup: em6qeR43bZ.sql.gz - 2026-06-10 11:02:58
 1 file changed, 0 insertions(+), 0 deletions(-)
Running: git push origin main
To github.com:mayankpatel1004/Database-Local-Daily-Backup.git
   69fd200..80c9563  main -> main
Processing em7dfg6a3p.sql.gz
Running: git add "em7dfg6a3p.sql.gz"
Running: git commit -m "Auto backup: em7dfg6a3p.sql.gz - 2026-06-10 11:03:07"
[main bfb66bf] Auto backup: em7dfg6a3p.sql.gz - 2026-06-10 11:03:07
 1 file changed, 0 insertions(+), 0 deletions(-)
Running: git push origin main
To github.com:mayankpatel1004/Database-Local-Daily-Backup.git
   80c9563..bfb66bf  main -> main
Processing em7GXajUbd.sql.gz
Running: git add "em7GXajUbd.sql.gz"
Running: git commit -m "Auto backup: em7GXajUbd.sql.gz - 2026-06-10 11:03:16"
[main f1663cd] Auto backup: em7GXajUbd.sql.gz - 2026-06-10 11:03:16
 1 file changed, 0 insertions(+), 0 deletions(-)
Running: git push origin main
To github.com:mayankpatel1004/Database-Local-Daily-Backup.git
   bfb66bf..f1663cd  main -> main
Processing em7P4PKGJF.sql.gz
Running: git add "em7P4PKGJF.sql.gz"
Running: git commit -m "Auto backup: em7P4PKGJF.sql.gz - 2026-06-10 11:03:25"
[main e6f5266] Auto backup: em7P4PKGJF.sql.gz - 2026-06-10 11:03:25
 1 file changed, 0 insertions(+), 0 deletions(-)
Running: git push origin main
To github.com:mayankpatel1004/Database-Local-Daily-Backup.git
   f1663cd..e6f5266  main -> main
Processing em8pRAlK0y.sql.gz
Running: git add "em8pRAlK0y.sql.gz"
Running: git commit -m "Auto backup: em8pRAlK0y.sql.gz - 2026-06-10 11:03:33"
[main cb43549] Auto backup: em8pRAlK0y.sql.gz - 2026-06-10 11:03:33
 1 file changed, 0 insertions(+), 0 deletions(-)
Running: git push origin main
To github.com:mayankpatel1004/Database-Local-Daily-Backup.git
   e6f5266..cb43549  main -> main
Processing emA0FNN3aq.sql.gz
Running: git add "emA0FNN3aq.sql.gz"
Running: git commit -m "Auto backup: emA0FNN3aq.sql.gz - 2026-06-10 11:03:42"
[main 16ee628] Auto backup: emA0FNN3aq.sql.gz - 2026-06-10 11:03:42
 1 file changed, 0 insertions(+), 0 deletions(-)
Running: git push origin main
To github.com:mayankpatel1004/Database-Local-Daily-Backup.git
   cb43549..16ee628  main -> main
Processing emandi_uat.sql.gz
Running: git add "emandi_uat.sql.gz"
Running: git commit -m "Auto backup: emandi_uat.sql.gz - 2026-06-10 11:03:52"
[main 5916272] Auto backup: emandi_uat.sql.gz - 2026-06-10 11:03:52
 1 file changed, 0 insertions(+), 0 deletions(-)
Running: git push origin main
To github.com:mayankpatel1004/Database-Local-Daily-Backup.git
   16ee628..5916272  main -> main
Processing emAsWlggJB.sql.gz
Running: git add "emAsWlggJB.sql.gz"
Running: git commit -m "Auto backup: emAsWlggJB.sql.gz - 2026-06-10 11:04:02"
[main 89ba93f] Auto backup: emAsWlggJB.sql.gz - 2026-06-10 11:04:02
 1 file changed, 0 insertions(+), 0 deletions(-)
Running: git push origin main
To github.com:mayankpatel1004/Database-Local-Daily-Backup.git
   5916272..89ba93f  main -> main
Processing embeC5wGKh.sql.gz
Running: git add "embeC5wGKh.sql.gz"
Running: git commit -m "Auto backup: embeC5wGKh.sql.gz - 2026-06-10 11:04:12"
[main 80384ac] Auto backup: embeC5wGKh.sql.gz - 2026-06-10 11:04:12
 1 file changed, 0 insertions(+), 0 deletions(-)
Running: git push origin main
To github.com:mayankpatel1004/Database-Local-Daily-Backup.git
   89ba93f..80384ac  main -> main
Processing embuYeEAbY.sql.gz
Running: git add "embuYeEAbY.sql.gz"
Running: git commit -m "Auto backup: embuYeEAbY.sql.gz - 2026-06-10 11:04:21"
[main 55e4b06] Auto backup: embuYeEAbY.sql.gz - 2026-06-10 11:04:21
 1 file changed, 0 insertions(+), 0 deletions(-)
Running: git push origin main
To github.com:mayankpatel1004/Database-Local-Daily-Backup.git
   80384ac..55e4b06  main -> main
Processing emcifuYvQj.sql.gz
Running: git add "emcifuYvQj.sql.gz"
Running: git commit -m "Auto backup: emcifuYvQj.sql.gz - 2026-06-10 11:04:30"
[main 84a0512] Auto backup: emcifuYvQj.sql.gz - 2026-06-10 11:04:30
 1 file changed, 0 insertions(+), 0 deletions(-)
Running: git push origin main
To github.com:mayankpatel1004/Database-Local-Daily-Backup.git
   55e4b06..84a0512  main -> main
Processing emCoPAk3qn.sql.gz
Running: git add "emCoPAk3qn.sql.gz"
Running: git commit -m "Auto backup: emCoPAk3qn.sql.gz - 2026-06-10 11:04:40"
[main 4ac4824] Auto backup: emCoPAk3qn.sql.gz - 2026-06-10 11:04:40
 1 file changed, 0 insertions(+), 0 deletions(-)
Running: git push origin main
To github.com:mayankpatel1004/Database-Local-Daily-Backup.git
   84a0512..4ac4824  main -> main
Processing emCpKr5AFc.sql.gz
Running: git add "emCpKr5AFc.sql.gz"
Running: git commit -m "Auto backup: emCpKr5AFc.sql.gz - 2026-06-10 11:04:48"
[main 343916f] Auto backup: emCpKr5AFc.sql.gz - 2026-06-10 11:04:48
 1 file changed, 0 insertions(+), 0 deletions(-)
Running: git push origin main
To github.com:mayankpatel1004/Database-Local-Daily-Backup.git
   4ac4824..343916f  main -> main
Processing emDhiI7xxE.sql.gz
Running: git add "emDhiI7xxE.sql.gz"
Running: git commit -m "Auto backup: emDhiI7xxE.sql.gz - 2026-06-10 11:04:58"
[main a66df15] Auto backup: emDhiI7xxE.sql.gz - 2026-06-10 11:04:58
 1 file changed, 0 insertions(+), 0 deletions(-)
Running: git push origin main
To github.com:mayankpatel1004/Database-Local-Daily-Backup.git
   343916f..a66df15  main -> main
Processing emdkNHF0E3.sql.gz
Running: git add "emdkNHF0E3.sql.gz"
Running: git commit -m "Auto backup: emdkNHF0E3.sql.gz - 2026-06-10 11:05:07"
[main 3c7d3e8] Auto backup: emdkNHF0E3.sql.gz - 2026-06-10 11:05:07
 1 file changed, 0 insertions(+), 0 deletions(-)
Running: git push origin main
To github.com:mayankpatel1004/Database-Local-Daily-Backup.git
   a66df15..3c7d3e8  main -> main
Processing emE0JkFO5q.sql.gz
Running: git add "emE0JkFO5q.sql.gz"
Running: git commit -m "Auto backup: emE0JkFO5q.sql.gz - 2026-06-10 11:05:16"
[main a054be3] Auto backup: emE0JkFO5q.sql.gz - 2026-06-10 11:05:16
 1 file changed, 0 insertions(+), 0 deletions(-)
Running: git push origin main
To github.com:mayankpatel1004/Database-Local-Daily-Backup.git
   3c7d3e8..a054be3  main -> main
Processing emEd5JknWJ.sql.gz
Running: git add "emEd5JknWJ.sql.gz"
Running: git commit -m "Auto backup: emEd5JknWJ.sql.gz - 2026-06-10 11:05:25"
[main 16452bd] Auto backup: emEd5JknWJ.sql.gz - 2026-06-10 11:05:25
 1 file changed, 0 insertions(+), 0 deletions(-)
Running: git push origin main
To github.com:mayankpatel1004/Database-Local-Daily-Backup.git
   a054be3..16452bd  main -> main
Processing emevFsJdEY.sql.gz
Running: git add "emevFsJdEY.sql.gz"
Running: git commit -m "Auto backup: emevFsJdEY.sql.gz - 2026-06-10 11:05:34"
[main 3e0723f] Auto backup: emevFsJdEY.sql.gz - 2026-06-10 11:05:34
 1 file changed, 0 insertions(+), 0 deletions(-)
Running: git push origin main
To github.com:mayankpatel1004/Database-Local-Daily-Backup.git
   16452bd..3e0723f  main -> main
Processing emF0JJ2lqH.sql.gz
Running: git add "emF0JJ2lqH.sql.gz"
Running: git commit -m "Auto backup: emF0JJ2lqH.sql.gz - 2026-06-10 11:05:43"
[main ad8de95] Auto backup: emF0JJ2lqH.sql.gz - 2026-06-10 11:05:43
 1 file changed, 0 insertions(+), 0 deletions(-)
Running: git push origin main
To github.com:mayankpatel1004/Database-Local-Daily-Backup.git
   3e0723f..ad8de95  main -> main
Processing emF3Gzodq8.sql.gz
Running: git add "emF3Gzodq8.sql.gz"
Running: git commit -m "Auto backup: emF3Gzodq8.sql.gz - 2026-06-10 11:05:52"
[main 6f4c729] Auto backup: emF3Gzodq8.sql.gz - 2026-06-10 11:05:52
 1 file changed, 0 insertions(+), 0 deletions(-)
Running: git push origin main
To github.com:mayankpatel1004/Database-Local-Daily-Backup.git
   ad8de95..6f4c729  main -> main
Processing emf8DX3CBx.sql.gz
Running: git add "emf8DX3CBx.sql.gz"
Running: git commit -m "Auto backup: emf8DX3CBx.sql.gz - 2026-06-10 11:06:01"
[main 0e67978] Auto backup: emf8DX3CBx.sql.gz - 2026-06-10 11:06:01
 1 file changed, 0 insertions(+), 0 deletions(-)
Running: git push origin main
To github.com:mayankpatel1004/Database-Local-Daily-Backup.git
   6f4c729..0e67978  main -> main
Processing emFCb1petd.sql.gz
Running: git add "emFCb1petd.sql.gz"
Running: git commit -m "Auto backup: emFCb1petd.sql.gz - 2026-06-10 11:06:10"
[main b55e51c] Auto backup: emFCb1petd.sql.gz - 2026-06-10 11:06:10
 1 file changed, 0 insertions(+), 0 deletions(-)
Running: git push origin main
To github.com:mayankpatel1004/Database-Local-Daily-Backup.git
   0e67978..b55e51c  main -> main
Processing emFJfwL1Zh.sql.gz
Running: git add "emFJfwL1Zh.sql.gz"
Running: git commit -m "Auto backup: emFJfwL1Zh.sql.gz - 2026-06-10 11:06:19"
[main 966e454] Auto backup: emFJfwL1Zh.sql.gz - 2026-06-10 11:06:19
 1 file changed, 0 insertions(+), 0 deletions(-)
Running: git push origin main
To github.com:mayankpatel1004/Database-Local-Daily-Backup.git
   b55e51c..966e454  main -> main
Processing emfLAeTqV3.sql.gz
Running: git add "emfLAeTqV3.sql.gz"
Running: git commit -m "Auto backup: emfLAeTqV3.sql.gz - 2026-06-10 11:06:28"
[main 4b1815f] Auto backup: emfLAeTqV3.sql.gz - 2026-06-10 11:06:28
 1 file changed, 0 insertions(+), 0 deletions(-)
Running: git push origin main
To github.com:mayankpatel1004/Database-Local-Daily-Backup.git
   966e454..4b1815f  main -> main
Processing emFrpcZyMf.sql.gz
Running: git add "emFrpcZyMf.sql.gz"
Running: git commit -m "Auto backup: emFrpcZyMf.sql.gz - 2026-06-10 11:06:37"
[main 951084e] Auto backup: emFrpcZyMf.sql.gz - 2026-06-10 11:06:37
 1 file changed, 0 insertions(+), 0 deletions(-)
Running: git push origin main
To github.com:mayankpatel1004/Database-Local-Daily-Backup.git
   4b1815f..951084e  main -> main
Processing emfyKYvV5P.sql.gz
Running: git add "emfyKYvV5P.sql.gz"
Running: git commit -m "Auto backup: emfyKYvV5P.sql.gz - 2026-06-10 11:06:46"
[main 0d34181] Auto backup: emfyKYvV5P.sql.gz - 2026-06-10 11:06:46
 1 file changed, 0 insertions(+), 0 deletions(-)
Running: git push origin main
To github.com:mayankpatel1004/Database-Local-Daily-Backup.git
   951084e..0d34181  main -> main
Processing emgcLQHkVy.sql.gz
Running: git add "emgcLQHkVy.sql.gz"
Running: git commit -m "Auto backup: emgcLQHkVy.sql.gz - 2026-06-10 11:06:55"
[main 234bade] Auto backup: emgcLQHkVy.sql.gz - 2026-06-10 11:06:55
 1 file changed, 0 insertions(+), 0 deletions(-)
Running: git push origin main
To github.com:mayankpatel1004/Database-Local-Daily-Backup.git
   0d34181..234bade  main -> main
Processing emGwDoBnbS.sql.gz
Running: git add "emGwDoBnbS.sql.gz"
Running: git commit -m "Auto backup: emGwDoBnbS.sql.gz - 2026-06-10 11:07:03"
[main 781d37c] Auto backup: emGwDoBnbS.sql.gz - 2026-06-10 11:07:03
 1 file changed, 0 insertions(+), 0 deletions(-)
Running: git push origin main
To github.com:mayankpatel1004/Database-Local-Daily-Backup.git
   234bade..781d37c  main -> main
Processing emhaORxyKa.sql.gz
Running: git add "emhaORxyKa.sql.gz"
Running: git commit -m "Auto backup: emhaORxyKa.sql.gz - 2026-06-10 11:07:12"
[main bf7cfbf] Auto backup: emhaORxyKa.sql.gz - 2026-06-10 11:07:12
 1 file changed, 0 insertions(+), 0 deletions(-)
Running: git push origin main
To github.com:mayankpatel1004/Database-Local-Daily-Backup.git
   781d37c..bf7cfbf  main -> main
Processing emhe5QjQNU.sql.gz
Running: git add "emhe5QjQNU.sql.gz"
Running: git commit -m "Auto backup: emhe5QjQNU.sql.gz - 2026-06-10 11:07:21"
[main d210f9d] Auto backup: emhe5QjQNU.sql.gz - 2026-06-10 11:07:21
 1 file changed, 0 insertions(+), 0 deletions(-)
Running: git push origin main
To github.com:mayankpatel1004/Database-Local-Daily-Backup.git
   bf7cfbf..d210f9d  main -> main
Processing emhLLi7twT.sql.gz
Running: git add "emhLLi7twT.sql.gz"
Running: git commit -m "Auto backup: emhLLi7twT.sql.gz - 2026-06-10 11:07:30"
[main a8594c1] Auto backup: emhLLi7twT.sql.gz - 2026-06-10 11:07:30
 1 file changed, 0 insertions(+), 0 deletions(-)
Running: git push origin main
To github.com:mayankpatel1004/Database-Local-Daily-Backup.git
   d210f9d..a8594c1  main -> main
Processing emHMvJOCjW.sql.gz
Running: git add "emHMvJOCjW.sql.gz"
Running: git commit -m "Auto backup: emHMvJOCjW.sql.gz - 2026-06-10 11:07:39"
[main 0be19af] Auto backup: emHMvJOCjW.sql.gz - 2026-06-10 11:07:39
 1 file changed, 0 insertions(+), 0 deletions(-)
Running: git push origin main
To github.com:mayankpatel1004/Database-Local-Daily-Backup.git
   a8594c1..0be19af  main -> main
Processing emICMyY5oX.sql.gz
Running: git add "emICMyY5oX.sql.gz"
Running: git commit -m "Auto backup: emICMyY5oX.sql.gz - 2026-06-10 11:07:48"
[main 493f10d] Auto backup: emICMyY5oX.sql.gz - 2026-06-10 11:07:48
 1 file changed, 0 insertions(+), 0 deletions(-)
Running: git push origin main
To github.com:mayankpatel1004/Database-Local-Daily-Backup.git
   0be19af..493f10d  main -> main
Processing emIT2jlJ9j.sql.gz
Running: git add "emIT2jlJ9j.sql.gz"
Running: git commit -m "Auto backup: emIT2jlJ9j.sql.gz - 2026-06-10 11:07:56"
[main 082b19a] Auto backup: emIT2jlJ9j.sql.gz - 2026-06-10 11:07:56
 1 file changed, 0 insertions(+), 0 deletions(-)
Running: git push origin main
To github.com:mayankpatel1004/Database-Local-Daily-Backup.git
   493f10d..082b19a  main -> main
Processing emIx0rjbZy.sql.gz
Running: git add "emIx0rjbZy.sql.gz"
Running: git commit -m "Auto backup: emIx0rjbZy.sql.gz - 2026-06-10 11:08:05"
[main 2a6db78] Auto backup: emIx0rjbZy.sql.gz - 2026-06-10 11:08:05
 1 file changed, 0 insertions(+), 0 deletions(-)
Running: git push origin main
To github.com:mayankpatel1004/Database-Local-Daily-Backup.git
   082b19a..2a6db78  main -> main
Processing emj7CAqeQP.sql.gz
Running: git add "emj7CAqeQP.sql.gz"
Running: git commit -m "Auto backup: emj7CAqeQP.sql.gz - 2026-06-10 11:08:14"
[main 3034239] Auto backup: emj7CAqeQP.sql.gz - 2026-06-10 11:08:14
 1 file changed, 0 insertions(+), 0 deletions(-)
Running: git push origin main
To github.com:mayankpatel1004/Database-Local-Daily-Backup.git
   2a6db78..3034239  main -> main
Processing emJcuMFp4P.sql.gz
Running: git add "emJcuMFp4P.sql.gz"
Running: git commit -m "Auto backup: emJcuMFp4P.sql.gz - 2026-06-10 11:08:23"
[main 1d5dfda] Auto backup: emJcuMFp4P.sql.gz - 2026-06-10 11:08:23
 1 file changed, 0 insertions(+), 0 deletions(-)
Running: git push origin main
To github.com:mayankpatel1004/Database-Local-Daily-Backup.git
   3034239..1d5dfda  main -> main
Processing emjQK5mDJH.sql.gz
Running: git add "emjQK5mDJH.sql.gz"
Running: git commit -m "Auto backup: emjQK5mDJH.sql.gz - 2026-06-10 11:08:32"
[main ab6238a] Auto backup: emjQK5mDJH.sql.gz - 2026-06-10 11:08:32
 1 file changed, 0 insertions(+), 0 deletions(-)
Running: git push origin main
To github.com:mayankpatel1004/Database-Local-Daily-Backup.git
   1d5dfda..ab6238a  main -> main
Processing emKEtcvTZr.sql.gz
Running: git add "emKEtcvTZr.sql.gz"
Running: git commit -m "Auto backup: emKEtcvTZr.sql.gz - 2026-06-10 11:08:41"
[main 9b59c52] Auto backup: emKEtcvTZr.sql.gz - 2026-06-10 11:08:41
 1 file changed, 0 insertions(+), 0 deletions(-)
Running: git push origin main
To github.com:mayankpatel1004/Database-Local-Daily-Backup.git
   ab6238a..9b59c52  main -> main
Processing emKidC2zLM.sql.gz
Running: git add "emKidC2zLM.sql.gz"
Running: git commit -m "Auto backup: emKidC2zLM.sql.gz - 2026-06-10 11:08:51"
[main 06dcc01] Auto backup: emKidC2zLM.sql.gz - 2026-06-10 11:08:51
 1 file changed, 0 insertions(+), 0 deletions(-)
Running: git push origin main
To github.com:mayankpatel1004/Database-Local-Daily-Backup.git
   9b59c52..06dcc01  main -> main
Processing emKIsPDSG5.sql.gz
Running: git add "emKIsPDSG5.sql.gz"
Running: git commit -m "Auto backup: emKIsPDSG5.sql.gz - 2026-06-10 11:09:00"
[main f8dd5c4] Auto backup: emKIsPDSG5.sql.gz - 2026-06-10 11:09:00
 1 file changed, 0 insertions(+), 0 deletions(-)
Running: git push origin main
To github.com:mayankpatel1004/Database-Local-Daily-Backup.git
   06dcc01..f8dd5c4  main -> main
Processing emkloRegHx.sql.gz
Running: git add "emkloRegHx.sql.gz"
Running: git commit -m "Auto backup: emkloRegHx.sql.gz - 2026-06-10 11:09:09"
[main 3796f6f] Auto backup: emkloRegHx.sql.gz - 2026-06-10 11:09:09
 1 file changed, 0 insertions(+), 0 deletions(-)
Running: git push origin main
To github.com:mayankpatel1004/Database-Local-Daily-Backup.git
   f8dd5c4..3796f6f  main -> main
Processing emkowI7Wrq.sql.gz
Running: git add "emkowI7Wrq.sql.gz"
Running: git commit -m "Auto backup: emkowI7Wrq.sql.gz - 2026-06-10 11:09:17"
[main a17db89] Auto backup: emkowI7Wrq.sql.gz - 2026-06-10 11:09:17
 1 file changed, 0 insertions(+), 0 deletions(-)
Running: git push origin main
To github.com:mayankpatel1004/Database-Local-Daily-Backup.git
   3796f6f..a17db89  main -> main
Processing emlBYF672K.sql.gz
Running: git add "emlBYF672K.sql.gz"
Running: git commit -m "Auto backup: emlBYF672K.sql.gz - 2026-06-10 11:09:27"
[main 58b38cf] Auto backup: emlBYF672K.sql.gz - 2026-06-10 11:09:27
 1 file changed, 0 insertions(+), 0 deletions(-)
Running: git push origin main
To github.com:mayankpatel1004/Database-Local-Daily-Backup.git
   a17db89..58b38cf  main -> main
Processing emLectY5DG.sql.gz
Running: git add "emLectY5DG.sql.gz"
Running: git commit -m "Auto backup: emLectY5DG.sql.gz - 2026-06-10 11:09:35"
[main 40a650e] Auto backup: emLectY5DG.sql.gz - 2026-06-10 11:09:35
 1 file changed, 0 insertions(+), 0 deletions(-)
Running: git push origin main
To github.com:mayankpatel1004/Database-Local-Daily-Backup.git
   58b38cf..40a650e  main -> main
Processing emlT6TuyzN.sql.gz
Running: git add "emlT6TuyzN.sql.gz"
Running: git commit -m "Auto backup: emlT6TuyzN.sql.gz - 2026-06-10 11:09:44"
[main bae6d45] Auto backup: emlT6TuyzN.sql.gz - 2026-06-10 11:09:44
 1 file changed, 0 insertions(+), 0 deletions(-)
Running: git push origin main
To github.com:mayankpatel1004/Database-Local-Daily-Backup.git
   40a650e..bae6d45  main -> main
Processing emm8qXIcUC.sql.gz
Running: git add "emm8qXIcUC.sql.gz"
Running: git commit -m "Auto backup: emm8qXIcUC.sql.gz - 2026-06-10 11:09:53"
[main 51b42d4] Auto backup: emm8qXIcUC.sql.gz - 2026-06-10 11:09:53
 1 file changed, 0 insertions(+), 0 deletions(-)
Running: git push origin main
To github.com:mayankpatel1004/Database-Local-Daily-Backup.git
   bae6d45..51b42d4  main -> main
Processing emMp6vWKNz.sql.gz
Running: git add "emMp6vWKNz.sql.gz"
Running: git commit -m "Auto backup: emMp6vWKNz.sql.gz - 2026-06-10 11:10:02"
[main 3c8b933] Auto backup: emMp6vWKNz.sql.gz - 2026-06-10 11:10:02
 1 file changed, 0 insertions(+), 0 deletions(-)
Running: git push origin main
To github.com:mayankpatel1004/Database-Local-Daily-Backup.git
   51b42d4..3c8b933  main -> main
Processing emMuWBMRsg.sql.gz
Running: git add "emMuWBMRsg.sql.gz"
Running: git commit -m "Auto backup: emMuWBMRsg.sql.gz - 2026-06-10 11:10:11"
[main 8c047e5] Auto backup: emMuWBMRsg.sql.gz - 2026-06-10 11:10:11
 1 file changed, 0 insertions(+), 0 deletions(-)
Running: git push origin main
To github.com:mayankpatel1004/Database-Local-Daily-Backup.git
   3c8b933..8c047e5  main -> main
Processing emOCmk6WAq.sql.gz
Running: git add "emOCmk6WAq.sql.gz"
Running: git commit -m "Auto backup: emOCmk6WAq.sql.gz - 2026-06-10 11:10:19"
[main d28188f] Auto backup: emOCmk6WAq.sql.gz - 2026-06-10 11:10:19
 1 file changed, 0 insertions(+), 0 deletions(-)
Running: git push origin main
To github.com:mayankpatel1004/Database-Local-Daily-Backup.git
   8c047e5..d28188f  main -> main
Processing emOeITPnJZ.sql.gz
Running: git add "emOeITPnJZ.sql.gz"
Running: git commit -m "Auto backup: emOeITPnJZ.sql.gz - 2026-06-10 11:10:28"
[main 5663a8b] Auto backup: emOeITPnJZ.sql.gz - 2026-06-10 11:10:28
 1 file changed, 0 insertions(+), 0 deletions(-)
Running: git push origin main
To github.com:mayankpatel1004/Database-Local-Daily-Backup.git
   d28188f..5663a8b  main -> main
Processing emogLT5Hx9.sql.gz
Running: git add "emogLT5Hx9.sql.gz"
Running: git commit -m "Auto backup: emogLT5Hx9.sql.gz - 2026-06-10 11:10:38"
[main 74a6df4] Auto backup: emogLT5Hx9.sql.gz - 2026-06-10 11:10:38
 1 file changed, 0 insertions(+), 0 deletions(-)
Running: git push origin main
To github.com:mayankpatel1004/Database-Local-Daily-Backup.git
   5663a8b..74a6df4  main -> main
Processing emonuBxcN6.sql.gz
Running: git add "emonuBxcN6.sql.gz"
Running: git commit -m "Auto backup: emonuBxcN6.sql.gz - 2026-06-10 11:10:47"
[main 6b6e1d7] Auto backup: emonuBxcN6.sql.gz - 2026-06-10 11:10:47
 1 file changed, 0 insertions(+), 0 deletions(-)
Running: git push origin main
To github.com:mayankpatel1004/Database-Local-Daily-Backup.git
   74a6df4..6b6e1d7  main -> main
Processing emOwhcjrvU.sql.gz
Running: git add "emOwhcjrvU.sql.gz"
Running: git commit -m "Auto backup: emOwhcjrvU.sql.gz - 2026-06-10 11:10:56"
[main aac4de9] Auto backup: emOwhcjrvU.sql.gz - 2026-06-10 11:10:56
 1 file changed, 0 insertions(+), 0 deletions(-)
Running: git push origin main
To github.com:mayankpatel1004/Database-Local-Daily-Backup.git
   6b6e1d7..aac4de9  main -> main
Processing empf9u6Px7.sql.gz
Running: git add "empf9u6Px7.sql.gz"
Running: git commit -m "Auto backup: empf9u6Px7.sql.gz - 2026-06-10 11:11:05"
[main 125a825] Auto backup: empf9u6Px7.sql.gz - 2026-06-10 11:11:05
 1 file changed, 0 insertions(+), 0 deletions(-)
Running: git push origin main
To github.com:mayankpatel1004/Database-Local-Daily-Backup.git
   aac4de9..125a825  main -> main
Processing emPmEqXSNN.sql.gz
Running: git add "emPmEqXSNN.sql.gz"
Running: git commit -m "Auto backup: emPmEqXSNN.sql.gz - 2026-06-10 11:11:14"
[main a7c78af] Auto backup: emPmEqXSNN.sql.gz - 2026-06-10 11:11:14
 1 file changed, 0 insertions(+), 0 deletions(-)
Running: git push origin main
To github.com:mayankpatel1004/Database-Local-Daily-Backup.git
   125a825..a7c78af  main -> main
Processing emPo6mvAau.sql.gz
Running: git add "emPo6mvAau.sql.gz"
Running: git commit -m "Auto backup: emPo6mvAau.sql.gz - 2026-06-10 11:11:23"
[main c81db17] Auto backup: emPo6mvAau.sql.gz - 2026-06-10 11:11:23
 1 file changed, 0 insertions(+), 0 deletions(-)
Running: git push origin main
To github.com:mayankpatel1004/Database-Local-Daily-Backup.git
   a7c78af..c81db17  main -> main
Processing empp0EObF0.sql.gz
Running: git add "empp0EObF0.sql.gz"
Running: git commit -m "Auto backup: empp0EObF0.sql.gz - 2026-06-10 11:11:32"
[main 4ff0d0a] Auto backup: empp0EObF0.sql.gz - 2026-06-10 11:11:32
 1 file changed, 0 insertions(+), 0 deletions(-)
Running: git push origin main
To github.com:mayankpatel1004/Database-Local-Daily-Backup.git
   c81db17..4ff0d0a  main -> main
Processing emROKelLsC.sql.gz
Running: git add "emROKelLsC.sql.gz"
Running: git commit -m "Auto backup: emROKelLsC.sql.gz - 2026-06-10 11:11:41"
[main 736ef89] Auto backup: emROKelLsC.sql.gz - 2026-06-10 11:11:41
 1 file changed, 0 insertions(+), 0 deletions(-)
Running: git push origin main
To github.com:mayankpatel1004/Database-Local-Daily-Backup.git
   4ff0d0a..736ef89  main -> main
Processing emromYZrDj.sql.gz
Running: git add "emromYZrDj.sql.gz"
Running: git commit -m "Auto backup: emromYZrDj.sql.gz - 2026-06-10 11:11:50"
[main f7b0c8d] Auto backup: emromYZrDj.sql.gz - 2026-06-10 11:11:50
 1 file changed, 0 insertions(+), 0 deletions(-)
Running: git push origin main
To github.com:mayankpatel1004/Database-Local-Daily-Backup.git
   736ef89..f7b0c8d  main -> main
Processing emrQbu9y33.sql.gz
Running: git add "emrQbu9y33.sql.gz"
Running: git commit -m "Auto backup: emrQbu9y33.sql.gz - 2026-06-10 11:11:59"
[main 1b6da3f] Auto backup: emrQbu9y33.sql.gz - 2026-06-10 11:11:59
 1 file changed, 0 insertions(+), 0 deletions(-)
Running: git push origin main
To github.com:mayankpatel1004/Database-Local-Daily-Backup.git
   f7b0c8d..1b6da3f  main -> main
Processing ems6VwY7m0.sql.gz
Running: git add "ems6VwY7m0.sql.gz"
Running: git commit -m "Auto backup: ems6VwY7m0.sql.gz - 2026-06-10 11:12:08"
[main 237d714] Auto backup: ems6VwY7m0.sql.gz - 2026-06-10 11:12:08
 1 file changed, 0 insertions(+), 0 deletions(-)
Running: git push origin main
To github.com:mayankpatel1004/Database-Local-Daily-Backup.git
   1b6da3f..237d714  main -> main
Processing emSe3gNvRk.sql.gz
Running: git add "emSe3gNvRk.sql.gz"
Running: git commit -m "Auto backup: emSe3gNvRk.sql.gz - 2026-06-10 11:12:17"
[main 7376321] Auto backup: emSe3gNvRk.sql.gz - 2026-06-10 11:12:17
 1 file changed, 0 insertions(+), 0 deletions(-)
Running: git push origin main
To github.com:mayankpatel1004/Database-Local-Daily-Backup.git
   237d714..7376321  main -> main
Processing emSicfj9vx.sql.gz
Running: git add "emSicfj9vx.sql.gz"
Running: git commit -m "Auto backup: emSicfj9vx.sql.gz - 2026-06-10 11:12:26"
[main 6e0b8bc] Auto backup: emSicfj9vx.sql.gz - 2026-06-10 11:12:26
 1 file changed, 0 insertions(+), 0 deletions(-)
Running: git push origin main
To github.com:mayankpatel1004/Database-Local-Daily-Backup.git
   7376321..6e0b8bc  main -> main
Processing emSKgMbuV2.sql.gz
Running: git add "emSKgMbuV2.sql.gz"
Running: git commit -m "Auto backup: emSKgMbuV2.sql.gz - 2026-06-10 11:12:35"
[main f0a89ae] Auto backup: emSKgMbuV2.sql.gz - 2026-06-10 11:12:35
 1 file changed, 0 insertions(+), 0 deletions(-)
Running: git push origin main
To github.com:mayankpatel1004/Database-Local-Daily-Backup.git
   6e0b8bc..f0a89ae  main -> main
Processing emsQVaWmQI.sql.gz
Running: git add "emsQVaWmQI.sql.gz"
Running: git commit -m "Auto backup: emsQVaWmQI.sql.gz - 2026-06-10 11:12:44"
[main 2f28c71] Auto backup: emsQVaWmQI.sql.gz - 2026-06-10 11:12:44
 1 file changed, 0 insertions(+), 0 deletions(-)
Running: git push origin main
To github.com:mayankpatel1004/Database-Local-Daily-Backup.git
   f0a89ae..2f28c71  main -> main
Processing emTlCT6Ihy.sql.gz
Running: git add "emTlCT6Ihy.sql.gz"
Running: git commit -m "Auto backup: emTlCT6Ihy.sql.gz - 2026-06-10 11:12:53"
[main e8773c6] Auto backup: emTlCT6Ihy.sql.gz - 2026-06-10 11:12:53
 1 file changed, 0 insertions(+), 0 deletions(-)
Running: git push origin main
To github.com:mayankpatel1004/Database-Local-Daily-Backup.git
   2f28c71..e8773c6  main -> main
Processing emu1xcTul1.sql.gz
Running: git add "emu1xcTul1.sql.gz"
Running: git commit -m "Auto backup: emu1xcTul1.sql.gz - 2026-06-10 11:13:02"
[main c18e44a] Auto backup: emu1xcTul1.sql.gz - 2026-06-10 11:13:02
 1 file changed, 0 insertions(+), 0 deletions(-)
Running: git push origin main
To github.com:mayankpatel1004/Database-Local-Daily-Backup.git
   e8773c6..c18e44a  main -> main
Processing emVFRNjr2i.sql.gz
Running: git add "emVFRNjr2i.sql.gz"
Running: git commit -m "Auto backup: emVFRNjr2i.sql.gz - 2026-06-10 11:13:11"
[main 85f50f7] Auto backup: emVFRNjr2i.sql.gz - 2026-06-10 11:13:11
 1 file changed, 0 insertions(+), 0 deletions(-)
Running: git push origin main
To github.com:mayankpatel1004/Database-Local-Daily-Backup.git
   c18e44a..85f50f7  main -> main
Processing emVfuLHAbM.sql.gz
Running: git add "emVfuLHAbM.sql.gz"
Running: git commit -m "Auto backup: emVfuLHAbM.sql.gz - 2026-06-10 11:13:20"
[main 11a65b4] Auto backup: emVfuLHAbM.sql.gz - 2026-06-10 11:13:20
 1 file changed, 0 insertions(+), 0 deletions(-)
Running: git push origin main
To github.com:mayankpatel1004/Database-Local-Daily-Backup.git
   85f50f7..11a65b4  main -> main
Processing emWQsGRbg6.sql.gz
Running: git add "emWQsGRbg6.sql.gz"
Running: git commit -m "Auto backup: emWQsGRbg6.sql.gz - 2026-06-10 11:13:30"
[main cd50945] Auto backup: emWQsGRbg6.sql.gz - 2026-06-10 11:13:30
 1 file changed, 0 insertions(+), 0 deletions(-)
Running: git push origin main
To github.com:mayankpatel1004/Database-Local-Daily-Backup.git
   11a65b4..cd50945  main -> main
Processing emWUCTIJ9r.sql.gz
Running: git add "emWUCTIJ9r.sql.gz"
Running: git commit -m "Auto backup: emWUCTIJ9r.sql.gz - 2026-06-10 11:13:39"
[main d9a72f4] Auto backup: emWUCTIJ9r.sql.gz - 2026-06-10 11:13:39
 1 file changed, 0 insertions(+), 0 deletions(-)
Running: git push origin main
To github.com:mayankpatel1004/Database-Local-Daily-Backup.git
   cd50945..d9a72f4  main -> main
Processing emXKkwIGb6.sql.gz
Running: git add "emXKkwIGb6.sql.gz"
Running: git commit -m "Auto backup: emXKkwIGb6.sql.gz - 2026-06-10 11:13:48"
[main 09c78e7] Auto backup: emXKkwIGb6.sql.gz - 2026-06-10 11:13:48
 1 file changed, 0 insertions(+), 0 deletions(-)
Running: git push origin main
To github.com:mayankpatel1004/Database-Local-Daily-Backup.git
   d9a72f4..09c78e7  main -> main
Processing emxWBiwNDR.sql.gz
Running: git add "emxWBiwNDR.sql.gz"
Running: git commit -m "Auto backup: emxWBiwNDR.sql.gz - 2026-06-10 11:13:57"
[main 73e4d24] Auto backup: emxWBiwNDR.sql.gz - 2026-06-10 11:13:57
 1 file changed, 0 insertions(+), 0 deletions(-)
Running: git push origin main
To github.com:mayankpatel1004/Database-Local-Daily-Backup.git
   09c78e7..73e4d24  main -> main
Processing emYABuos0L.sql.gz
Running: git add "emYABuos0L.sql.gz"
Running: git commit -m "Auto backup: emYABuos0L.sql.gz - 2026-06-10 11:14:06"
[main ac9abfa] Auto backup: emYABuos0L.sql.gz - 2026-06-10 11:14:06
 1 file changed, 0 insertions(+), 0 deletions(-)
Running: git push origin main
To github.com:mayankpatel1004/Database-Local-Daily-Backup.git
   73e4d24..ac9abfa  main -> main
Processing emyEBsEsFY.sql.gz
Running: git add "emyEBsEsFY.sql.gz"
Running: git commit -m "Auto backup: emyEBsEsFY.sql.gz - 2026-06-10 11:14:15"
[main 24ecf4f] Auto backup: emyEBsEsFY.sql.gz - 2026-06-10 11:14:15
 1 file changed, 0 insertions(+), 0 deletions(-)
Running: git push origin main
To github.com:mayankpatel1004/Database-Local-Daily-Backup.git
   ac9abfa..24ecf4f  main -> main
Processing emYFD3lBp3.sql.gz
Running: git add "emYFD3lBp3.sql.gz"
Running: git commit -m "Auto backup: emYFD3lBp3.sql.gz - 2026-06-10 11:14:24"
[main b7f29fc] Auto backup: emYFD3lBp3.sql.gz - 2026-06-10 11:14:24
 1 file changed, 0 insertions(+), 0 deletions(-)
Running: git push origin main
To github.com:mayankpatel1004/Database-Local-Daily-Backup.git
   24ecf4f..b7f29fc  main -> main
Processing emyi76P7cY.sql.gz
Running: git add "emyi76P7cY.sql.gz"
Running: git commit -m "Auto backup: emyi76P7cY.sql.gz - 2026-06-10 11:14:34"
[main 96af8fa] Auto backup: emyi76P7cY.sql.gz - 2026-06-10 11:14:34
 1 file changed, 0 insertions(+), 0 deletions(-)
Running: git push origin main
To github.com:mayankpatel1004/Database-Local-Daily-Backup.git
   b7f29fc..96af8fa  main -> main
Processing emyPCHWV2p.sql.gz
Running: git add "emyPCHWV2p.sql.gz"
Running: git commit -m "Auto backup: emyPCHWV2p.sql.gz - 2026-06-10 11:14:43"
[main 65d6200] Auto backup: emyPCHWV2p.sql.gz - 2026-06-10 11:14:43
 1 file changed, 0 insertions(+), 0 deletions(-)
Running: git push origin main
To github.com:mayankpatel1004/Database-Local-Daily-Backup.git
   96af8fa..65d6200  main -> main
Processing emzbVgZvwC.sql.gz
Running: git add "emzbVgZvwC.sql.gz"
Running: git commit -m "Auto backup: emzbVgZvwC.sql.gz - 2026-06-10 11:14:52"
[main 1251832] Auto backup: emzbVgZvwC.sql.gz - 2026-06-10 11:14:52
 1 file changed, 0 insertions(+), 0 deletions(-)
Running: git push origin main
To github.com:mayankpatel1004/Database-Local-Daily-Backup.git
   65d6200..1251832  main -> main
Processing emzjrD63Wt.sql.gz
Running: git add "emzjrD63Wt.sql.gz"
Running: git commit -m "Auto backup: emzjrD63Wt.sql.gz - 2026-06-10 11:15:02"
[main 00a7a72] Auto backup: emzjrD63Wt.sql.gz - 2026-06-10 11:15:02
 1 file changed, 0 insertions(+), 0 deletions(-)
Running: git push origin main
To github.com:mayankpatel1004/Database-Local-Daily-Backup.git
   1251832..00a7a72  main -> main
Processing gloriousjournal_com.sql.gz
Running: git add "gloriousjournal_com.sql.gz"
Running: git commit -m "Auto backup: gloriousjournal_com.sql.gz - 2026-06-10 11:15:10"
[main 578cec1] Auto backup: gloriousjournal_com.sql.gz - 2026-06-10 11:15:10
 1 file changed, 0 insertions(+), 0 deletions(-)
Running: git push origin main
To github.com:mayankpatel1004/Database-Local-Daily-Backup.git
   00a7a72..578cec1  main -> main
Processing nodejsframework.sql.gz
Running: git add "nodejsframework.sql.gz"
Running: git commit -m "Auto backup: nodejsframework.sql.gz - 2026-06-10 11:15:19"
[main d6e99e2] Auto backup: nodejsframework.sql.gz - 2026-06-10 11:15:19
 1 file changed, 0 insertions(+), 0 deletions(-)
Running: git push origin main
To github.com:mayankpatel1004/Database-Local-Daily-Backup.git
   578cec1..d6e99e2  main -> main
Processing serviceproreport.sql.gz
Running: git add "serviceproreport.sql.gz"
Running: git commit -m "Auto backup: serviceproreport.sql.gz - 2026-06-10 11:15:30"
[main 78a9a90] Auto backup: serviceproreport.sql.gz - 2026-06-10 11:15:30
 1 file changed, 0 insertions(+), 0 deletions(-)
Running: git push origin main
To github.com:mayankpatel1004/Database-Local-Daily-Backup.git
   d6e99e2..78a9a90  main -> main
Processing servicepro.sql.gz
Running: git add "servicepro.sql.gz"
Running: git commit -m "Auto backup: servicepro.sql.gz - 2026-06-10 11:15:43"
[main a3e6cf1] Auto backup: servicepro.sql.gz - 2026-06-10 11:15:43
 1 file changed, 0 insertions(+), 0 deletions(-)
Running: git push origin main
To github.com:mayankpatel1004/Database-Local-Daily-Backup.git
   78a9a90..a3e6cf1  main -> main
Processing test.sql.gz
Running: git add "test.sql.gz"
Running: git commit -m "Auto backup: test.sql.gz - 2026-06-10 11:15:52"
[main d39df9a] Auto backup: test.sql.gz - 2026-06-10 11:15:52
 1 file changed, 0 insertions(+), 0 deletions(-)
Running: git push origin main
To github.com:mayankpatel1004/Database-Local-Daily-Backup.git
   a3e6cf1..d39df9a  main -> main
Processing u797036281_cloudswiftsol.sql.gz
Running: git add "u797036281_cloudswiftsol.sql.gz"
Running: git commit -m "Auto backup: u797036281_cloudswiftsol.sql.gz - 2026-06-10 11:16:01"
[main 68a8eee] Auto backup: u797036281_cloudswiftsol.sql.gz - 2026-06-10 11:16:01
 1 file changed, 0 insertions(+), 0 deletions(-)
Running: git push origin main
To github.com:mayankpatel1004/Database-Local-Daily-Backup.git
   d39df9a..68a8eee  main -> main
Completed at: Wednesday 10 June 2026 11:16:09 AM IST
============================
============================
Started at: Wednesday 10 June 2026 06:00:01 PM IST
Running: sh /home/mayankpatel104/OneDrive/config-file/mysql-daily-backup.sh
Backing up Demonstration...
Backing up em1P6pnnK2...
Backing up em1xu8Cpnc...
Backing up em2xgjUQfo...
Backing up em37ytN9AH...
Backing up em3CkBeVRl...
Backing up em3R2bvDIC...
Backing up em3VSSR7Yz...
Backing up em6qeR43bZ...
Backing up em7GXajUbd...
Backing up em7P4PKGJF...
Backing up em7dfg6a3p...
Backing up em8pRAlK0y...
Backing up emA0FNN3aq...
Backing up emAsWlggJB...
Backing up emCoPAk3qn...
Backing up emCpKr5AFc...
Backing up emDhiI7xxE...
Backing up emE0JkFO5q...
Backing up emEd5JknWJ...
Backing up emF0JJ2lqH...
Backing up emF3Gzodq8...
Backing up emFCb1petd...
Backing up emFJfwL1Zh...
Backing up emFrpcZyMf...
Backing up emGwDoBnbS...
Backing up emHMvJOCjW...
Backing up emICMyY5oX...
Backing up emIT2jlJ9j...
Backing up emIx0rjbZy...
Backing up emJcuMFp4P...
Backing up emKEtcvTZr...
Backing up emKIsPDSG5...
Backing up emKidC2zLM...
Backing up emLectY5DG...
Backing up emMp6vWKNz...
Backing up emMuWBMRsg...
Backing up emOCmk6WAq...
Backing up emOeITPnJZ...
Backing up emOwhcjrvU...
Backing up emPmEqXSNN...
Backing up emPo6mvAau...
Backing up emROKelLsC...
Backing up emSKgMbuV2...
Backing up emSe3gNvRk...
Backing up emSicfj9vx...
Backing up emTlCT6Ihy...
Backing up emVFRNjr2i...
Backing up emVfuLHAbM...
Backing up emWQsGRbg6...
Backing up emWUCTIJ9r...
Backing up emXKkwIGb6...
Backing up emYABuos0L...
Backing up emYFD3lBp3...
Backing up emandi_uat...
Backing up embeC5wGKh...
Backing up embuYeEAbY...
Backing up emcifuYvQj...
Backing up emdkNHF0E3...
Backing up emevFsJdEY...
Backing up emf8DX3CBx...
Backing up emfLAeTqV3...
Backing up emfyKYvV5P...
Backing up emgcLQHkVy...
Backing up emhLLi7twT...
Backing up emhaORxyKa...
Backing up emhe5QjQNU...
Backing up emj7CAqeQP...
Backing up emjQK5mDJH...
Backing up emkloRegHx...
Backing up emkowI7Wrq...
Backing up emlBYF672K...
Backing up emlT6TuyzN...
Backing up emm8qXIcUC...
Backing up emogLT5Hx9...
Backing up emonuBxcN6...
Backing up empf9u6Px7...
Backing up empp0EObF0...
Backing up emrQbu9y33...
Backing up emromYZrDj...
Backing up ems6VwY7m0...
Backing up emsQVaWmQI...
Backing up emu1xcTul1...
Backing up emxWBiwNDR...
Backing up emyEBsEsFY...
Backing up emyPCHWV2p...
Backing up emyi76P7cY...
Backing up emzbVgZvwC...
Backing up emzjrD63Wt...
Backing up gloriousjournal_com...
Backing up nodejsframework...
Backing up servicepro...
Backing up serviceproreport...
Backing up test...
Backing up u797036281_cloudswiftsol...
Waiting 10 Seconds...
Pushing files to GitHub one by one...
Processing backup_and_push.log
Running: git add "backup_and_push.log"
